caseID,caseCG_in,caseIy_kgm2,caseCLdeltaE,caseTau_s,isStable,verticalSpeedPhaseMargin_deg,altitudePhaseMargin_deg,verticalSpeedCrossover_radps,altitudeCrossover_radps,bandwidthSeparationRatio,smallOvershoot_pct,smallRiseTime_s,smallSettlingTime_s,smallFinalError_ft,smallPeakPitchCommand_deg,smallPeakVerticalSpeed_fpm,smallPeakElevator_deg,smallPeakActuatorRate_degps,smallPeakSpeedFraction,smallPeakAlpha_deg,operationalOvershoot_pct,operationalRiseTime_s,operationalSettlingTime_s,operationalFinalError_ft,operationalPeakPitchCommand_deg,operationalPeakPitch_deg,operationalPeakVerticalSpeed_fpm,operationalPeakElevator_deg,operationalPeakActuatorRate_degps,operationalPeakSpeedFraction,operationalPeakAlpha_deg,verticalSpeedLimitActive,pitchCommandLimitActive,elevatorPositionLimitActive,elevatorRateLimitActive
1,41,1800,0.3,0.02,1,107.595553362583,71.131495770617,0.54519417083796,0.321742537275417,3.25023596955011,0,14.62,54.92,0.0368647028726944,0.582694243964719,85.3115065134202,0.0966795965648957,0.0553580273087733,0.00737773352192524,0.07965834713329,0,39.1,69.36,0.458758960918961,1.74294318276254,1.10520547987152,198.480338436,0.56993336244139,0.266084983636024,0.0644296605754367,0.574114861148502,1,0,0,0
2,41,1800,0.3,0.035,1,106.359300369559,71.1411694532714,0.553214954811832,0.321750674005573,3.24821192156493,0,14.66,54.82,0.0368649380515408,0.583757074889411,85.6084011224552,0.0972998253463159,0.0562188554777169,0.00738502198243976,0.0801627592748647,0,39.1,69.28,0.458763397890229,1.74330436689412,1.10524225080011,199.242814364058,0.570831437659348,0.266662686135516,0.0644329082154701,0.574844694102507,1,0,0,0
3,41,1800,0.3,0.05,1,105.056036492611,71.1508289575208,0.561607156771236,0.32175904835845,3.24582929690806,0,14.68,54.72,0.0368651737944693,0.584843792272959,85.9133430542644,0.0979287900512853,0.057102490894721,0.00739273395785677,0.0806748135430567,0,39.1,69.18,0.458767677813953,1.74361166640916,1.10604925339877,200.027885730416,0.571766338770982,0.266722833357953,0.0644361945981902,0.575599748999848,1,0,0,0
4,41,1800,0.427,0.02,1,104.973527768047,71.0192362974577,0.556000403670814,0.322166114368035,3.20862847245373,0,14.78,56.66,0.0404486291028282,0.586984333673555,85.7921535602479,0.0991410406640676,0.0566609655838289,0.00741414856093997,0.0821908126195746,0,39.42,75.4,0.500728080700973,1.74342224653192,1.11397003469465,198.80254823131,0.587971542806741,0.267205154628274,0.0647904054484982,0.592377792992107,1,0,0,0
5,41,1800,0.427,0.035,1,103.727121013937,71.0318838186038,0.563866232382903,0.322138011230434,3.20700314982967,0,14.82,56.46,0.0404488757406142,0.588068792000464,86.0941357790715,0.099774764390317,0.0575372196184556,0.00741974460217566,0.0827087672730519,0,39.44,75.4,0.500733526742351,1.74375475999513,1.11400988910479,199.566511155526,0.5888931353936,0.267695373066611,0.0647936594476794,0.593130391103132,1,0,0,0
6,41,1800,0.427,0.05,1,102.398126336979,71.0419196810858,0.572178602780794,0.322145597057483,3.20467679644908,0,14.84,56.24,0.0404491521950641,0.589176161083386,86.4041860515843,0.100420639199804,0.0584365205622546,0.007428017885373,0.0832377755053912,0,39.44,75.38,0.500739780915349,1.74403496121395,1.11404308303498,200.352867903634,0.589850251042508,0.267762164787702,0.0647969511061203,0.593908703763417,1,0,0,0
7,41,1800,0.5,0.02,1,103.536552164703,70.9545736933828,0.561452117133439,0.322381668754724,3.18487086258162,0,14.88,61.18,0.042739284847367,0.589531594300469,86.0734995256612,0.100611633229633,0.0574317072111576,0.00743869724312378,0.08370373372378,0,39.64,76.52,0.527419134361211,1.74369828718157,1.11926462586395,198.983078914591,0.598848823497934,0.267851157208684,0.0650095729576042,0.603400757129491,1,0,0,0
8,41,1800,0.5,0.035,1,102.289047222035,70.9647849677701,0.569203866766528,0.322389493559264,3.18290994144715,0,14.9,61.32,0.0427394999454129,0.590622479646988,86.378735431863,0.101252591292103,0.0583189440409381,0.00744126288647687,0.0842311875289372,0,39.64,76.46,0.527423872453893,1.7440141992764,1.11930539166896,199.74867171943,0.599782498815274,0.26829063013899,0.0650128327979219,0.604165589036432,1,0,0,0
9,41,1800,0.5,0.05,1,100.964015630562,70.9750001128069,0.577364986785467,0.322397307269461,3.18060971174008,0,14.92,61.4,0.0427397478523076,0.591736373585923,86.6920363826638,0.101905595273601,0.0592291461135106,0.00744982466703553,0.0847662769082201,0,39.64,76.42,0.52742982266249,1.74427872714644,1.11933841888446,200.536499525529,0.600754372599112,0.268361122510782,0.0650161301775729,0.604956418258617,1,0,0,0
10,41,1828.6803192735,0.3,0.02,1,107.501291877992,71.1327743624115,0.545818307132188,0.321743426726733,3.25059385032021,0,14.62,54.9,0.0368647040381853,0.58276933947941,85.3332709914023,0.0967134543432052,0.0554169189241437,0.00737824746598877,0.0796997981077552,0,39.1,69.36,0.45875899652115,1.74298261175599,1.10520801978852,198.537000319243,0.56999552034447,0.266633326846553,0.0644298896722767,0.574168122616534,1,0,0,0
11,41,1828.6803192735,0.3,0.035,1,106.2612888297,71.1424504533995,0.553860468830298,0.3217515351525,3.24857595341798,0,14.66,54.82,0.0368649392717953,0.583833739045677,85.6306610542148,0.0973349816991697,0.0562797462513966,0.00738556216461811,0.0802051934655841,0,39.1,69.26,0.458763421387059,1.74334141433454,1.10524515495372,199.30091991211,0.570895535879531,0.267240174783342,0.0644331410987092,0.574899489165768,1,0,0,0
12,41,1828.6803192735,0.3,0.05,1,104.935320948816,71.1521126461744,0.562385518086769,0.321759877211062,3.24619927678376,0,14.66,54.72,0.0368651744629955,0.584923238570724,85.9361245734571,0.0979652992908858,0.0571654893614005,0.00739329855898904,0.0807182581803433,0,39.1,69.18,0.458767669426017,1.74364635249826,1.10637957680989,200.087513529708,0.571832872140279,0.26731387964344,0.0644364314061801,0.575656172833504,1,0,0,0
13,41,1828.6803192735,0.427,0.02,1,104.876464867332,71.02054072796,0.556625082170595,0.322167360673417,3.20896842825199,0,14.78,56.64,0.0404486306930507,0.5870633773484,85.8147443756975,0.0991764386235927,0.0567219187599889,0.00741414998687796,0.0822335211601002,0,39.42,75.4,0.500728178908015,1.74346253149112,1.11397239061489,198.860119768428,0.588036104219674,0.267751852404115,0.0647906357544933,0.592433498350884,1,0,0,0
14,41,1828.6803192735,0.427,0.035,1,103.626907390206,71.0332116088506,0.564508030460066,0.322138936626752,3.20735188384612,0,14.82,56.44,0.0404488792462701,0.588149453560427,86.1172394420441,0.0998103637147255,0.0576002243705043,0.00742032352763474,0.0827524846953966,0,39.44,75.4,0.500733678445906,1.7437925343415,1.11401258240813,199.625541582009,0.588959045043772,0.268270722988336,0.0647938935339826,0.593187690965625,1,0,0,0
15,41,1828.6803192735,0.427,0.05,1,102.293820317699,71.0432510574692,0.572842496551815,0.322146478352389,3.20503128763977,0,14.84,56.24,0.0404491584326846,0.589258505331452,86.4278288475229,0.100457615282157,0.0585013061180274,0.00742862850609318,0.0832825037728628,0,39.44,75.38,0.5007399900141,1.74407025837431,1.11404542462526,200.413435128487,0.589919375898779,0.268350774901486,0.0647971891070944,0.593967695940419,1,0,0,0
16,41,1828.6803192735,0.5,0.02,1,103.438290343558,70.9559158256272,0.562074570899681,0.322382819572072,3.18520368715267,0,14.88,61.18,0.0427392842326794,0.589611845243156,86.0966260151492,0.100647492030016,0.0574929930585692,0.00743872884020684,0.0837471799464298,0,39.64,76.52,0.527419182798674,1.74373906012615,1.11926756532976,199.041310564639,0.598914421953521,0.268396885803369,0.0650098036088731,0.603457749744086,1,0,0,0
17,41,1828.6803192735,0.5,0.035,1,102.187875455739,70.9661308380213,0.56984173320259,0.322390599278376,3.18324857744564,0,14.9,61.32,0.0427395014287976,0.590704369868781,86.4023859199108,0.101289794910626,0.0583822406708753,0.00744181791633553,0.0842756609674216,0,39.64,76.46,0.527424006079812,1.74405238774075,1.11930795740287,199.808373905522,0.599851173152896,0.268864729663706,0.0650130672297085,0.604224206433767,1,0,0,0
18,41,1828.6803192735,0.5,0.05,1,100.859051591015,70.9763497051162,0.578022856376046,0.322398367866217,3.18095394132713,0,14.92,61.4,0.0427397540605335,0.591819967872381,86.7162372002026,0.101943055609712,0.0592946183316953,0.00745046403918665,0.0848118048657289,0,39.64,76.4,0.527430085215759,1.74431437221723,1.1193413553387,200.597749662236,0.600824625179778,0.268948311696265,0.0650163685236228,0.605016759675444,1,0,0,0
19,41,2300,0.3,0.02,1,105.905067618839,71.1537990164645,0.55634457631959,0.321757907645054,3.25618715888325,0,14.64,54.76,0.0368647222039443,0.584041066714142,85.6986925677209,0.0972932605269879,0.0564166131398106,0.00738700375435904,0.0803941138507136,0,39.1,69.24,0.458759401431119,1.74355520835385,1.10524604827058,199.49090666187,0.571052810166884,0.275878702007215,0.064433710596546,0.575064145780371,1,0,0,0
20,41,2300,0.3,0.035,1,104.581207471318,71.1635175212493,0.564865268368321,0.321765509142719,3.25427374833625,0,14.64,54.66,0.0368649512715141,0.585138842947642,86.0045305728268,0.097931921269228,0.0573113633312594,0.00739473659810304,0.0809160998424578,0,39.12,69.16,0.458763410786731,1.74387609535465,1.10730047368491,200.280366687325,0.571987309980828,0.276830761957073,0.0644370262445536,0.575826173422202,1,0,0,0
21,41,2300,0.3,0.05,1,103.200914037546,71.1732242728063,0.573685929534261,0.321773312461077,3.25199806681947,0,14.66,54.54,0.0368651648825371,0.586260919849143,86.3204318345381,0.0985798838806949,0.0582304042024996,0.00740293151415187,0.0814462096123947,0,39.12,69.06,0.458766833869033,1.74414430200239,1.11194955829517,201.0978989852,0.572959209104421,0.277090882373163,0.0644403831882964,0.576615120894089,1,0,0,0
22,41,2300,0.427,0.02,1,103.220349592321,71.0449423999135,0.567229181880935,0.322147285496274,3.21467824270358,0,14.8,56.4,0.040448676392096,0.588393161503867,86.1943055301065,0.0997738465898767,0.0577516662185116,0.00742191889676489,0.0829487754769324,0,39.44,75.36,0.500730295346436,1.74404765099606,1.1140126729725,199.830005405764,0.589131407576197,0.276964630781605,0.0647944764631064,0.593369827246505,1,0,0,0
23,41,2300,0.427,0.035,1,101.909213022005,71.0550371336407,0.575445712875073,0.322154113332549,3.21280447245555,0,14.82,56.18,0.040448961503577,0.589506763751101,86.5073002323154,0.100427711826691,0.0586624494825117,0.00743021171958295,0.0834847522741588,0,39.44,75.34,0.500736628250156,1.7443377507592,1.11405081158693,200.625330399883,0.590090520611613,0.277821467595244,0.0647977983478947,0.594155137808244,1,0,0,0
24,41,2300,0.427,0.05,1,100.537087158149,71.0651352981307,0.583977898804705,0.322160930057776,3.21058146679088,0,14.82,55.94,0.0404492805194799,0.590644433372196,86.8287715823258,0.101092954767465,0.0595973621593144,0.0074390187145388,0.0840320377061418,0,39.44,75.32,0.500743621004109,1.7445769939778,1.1160956216637,201.444247543948,0.591085518298805,0.278083403025364,0.0648011603842947,0.594968323948645,1,0,0,0
25,41,2300,0.5,0.02,1,101.766022706508,70.9779780242961,0.572615201807506,0.322401699976914,3.19039649785537,0,14.9,61.3,0.042739300452133,0.590961927959414,86.4848335971296,0.101256391047089,0.058540718885978,0.00744350262348077,0.0844747993180906,0,39.64,76.42,0.527420932874803,1.74433131694349,1.11930756060475,200.021378369357,0.600032525712357,0.27759058178607,0.065013650283098,0.604417329610117,1,0,0,0
26,41,2300,0.5,0.035,1,100.458819943211,70.9882542461395,0.580682666911107,0.322408738189299,3.18853962227744,0,14.92,61.36,0.042739578295179,0.592082335916274,86.8011493360631,0.101916234326154,0.0594613059818598,0.00745214780637278,0.0850205997596565,0,39.64,76.38,0.527427549801757,1.74460360476557,1.11934740909808,200.818268049575,0.601004303758079,0.278392269879307,0.0650169780210051,0.605215821432385,1,0,0,0
27,41,2300,0.5,0.05,1,99.0939533531891,70.9985340559814,0.589041189012396,0.322415764944627,3.18633978284842,0,14.94,61.38,0.0427399390205496,0.593226908376235,87.1259899037909,0.102590295802778,0.0604079071054618,0.00746132433538758,0.0855745179965156,0,39.66,76.32,0.527436085312066,1.74482610916581,1.11938079756383,201.638689497959,0.60201462413297,0.278655140174075,0.0650203457866688,0.606042062086208,1,0,0,0
28,41,2800,0.3,0.02,1,104.086426863502,71.1787036670543,0.568223385782096,0.321737268805826,3.26186980415054,0,14.64,54.6,0.0368647259602004,0.585465933318518,86.1055514364274,0.0979551251567085,0.0575436574471455,0.00739692363499564,0.0811583406605458,0,39.12,69.12,0.458759075126257,1.74403669488466,1.10868698492789,200.561248637671,0.572247556536498,0.285635287050895,0.0644378818580042,0.576069933358678,1,0,0,0
29,41,2800,0.3,0.035,1,102.707571010492,71.1885557389486,0.577041339099509,0.321743016397281,3.26008633850252,0,14.66,54.46,0.0368649264737125,0.586594170482371,86.4229822432601,0.0986135041265804,0.0584750408747238,0.00740515533308936,0.0816988423474202,0,39.12,69.02,0.458762095075575,1.74432102387405,1.11339035338515,201.383554904515,0.573222075482764,0.286683613128424,0.0644412700084956,0.576865961691828,1,0,0,0
30,41,2800,0.3,0.05,1,101.259489925084,71.1984107292836,0.586226656413107,0.321748753218004,3.25793895324361,0,14.66,54.32,0.0368650881053669,0.587747938400017,86.7493800474868,0.0992835655389074,0.0594323158151989,0.00741389903271502,0.0822479633093767,0,39.12,72.96,0.458763998567288,1.74455506210317,1.1182434097184,202.231214991911,0.57423453593228,0.287062400171813,0.064444702338063,0.577691842117964,1,0,0,0
31,41,2800,0.427,0.02,1,101.384332111032,71.0680446016634,0.578898628584245,0.322164091587293,3.21975723885162,0,14.82,56.1,0.0404487668491298,0.58986907169184,86.6184275509967,0.100455383993171,0.0589119936075354,0.00743262673971987,0.0837357775959959,0,39.44,75.32,0.500733342401783,1.74453979080957,1.11404746920635,200.921125332586,0.590368499946763,0.286679471618422,0.0647986685030302,0.594420116671167,1,0,0,0
32,41,2800,0.427,0.035,1,100.015308611244,71.0782014536266,0.58741942849271,0.322170150057894,3.21799642843883,0,14.82,59.76,0.0404490772200889,0.591013853707924,86.9414836408508,0.101131134252723,0.0598600150995378,0.00744146659302005,0.0842907179373428,0,39.44,75.3,0.500740013174413,1.74479150299762,1.11753755121688,201.745286661509,0.591368797072011,0.287627191688531,0.064802062753479,0.59524015564167,1,0,0,0
33,41,2800,0.427,0.05,1,98.5850427658621,71.0883614591531,0.596250388938684,0.322176197134688,3.21588287427139,0,14.82,60.08,0.040449379883954,0.592183909345016,87.2735270428962,0.101817055472202,0.0608337389928284,0.007450863461131,0.0848577340773783,0,39.46,75.26,0.500746480306218,1.74499501794347,1.12241681418659,202.596240407336,0.592405467316211,0.288003964939807,0.0648055000046058,0.596091320977743,1,0,0,0
34,41,2800,0.5,0.02,1,99.9187535128752,71.0013954469458,0.584175285291608,0.322421664171197,3.19531712007582,0,14.92,61.32,0.0427394136564448,0.592466362781282,86.918666748153,0.101950374862935,0.0597210741981984,0.00745469931450655,0.0852754363251421,0,39.66,76.34,0.527425305078318,1.7448295257899,1.11934362372739,201.124241850224,0.601294613807822,0.28728113627985,0.0650178493041226,0.605492435585992,1,0,0,0
35,41,2800,0.5,0.035,1,98.5572435942255,71.0117361470863,0.592521724860872,0.322427915053253,3.19356990858081,0,14.92,61.32,0.0427398050299488,0.593624038404811,87.2452985308439,0.10263185895613,0.0606782122578924,0.00746391544881815,0.085840534462112,0,39.66,76.28,0.527434373671497,1.7450623808392,1.11997743882071,201.950272302489,0.602308197660506,0.288170660920743,0.0650212494529868,0.606327540098867,1,0,0,0
36,41,2800,0.5,0.05,1,97.1389145308888,71.0220801462682,0.601148272838284,0.322434154191478,3.19147635506778,0,14.94,61.3,0.042740302125705,0.594806460578845,87.5809119257398,0.103327282748976,0.0616627480822137,0.00747371729791571,0.0864142442674833,0,39.66,76.22,0.527445543667833,1.74524826670035,1.12485958367808,202.801653988276,0.60336058061055,0.288546180387676,0.0650246924937558,0.60719233817985,1,0,0,0
37,44.15,1800,0.3,0.02,1,130.959640126772,71.3763690446835,0.402268676898622,0.31975750636274,3.68522753357407,0,14.04,53.42,0.0353010432184154,0.566698275337615,82.8561226007878,0.0781788090865311,0.0461430187198799,0.00735565519274611,0.0789846078120973,0,38.74,68.54,0.439898034276279,1.74283332015558,1.10240595640405,196.297063491577,0.424958394533291,0.257502944275677,0.0642745818650461,0.561861391690458,1,0,0,0
38,44.15,1800,0.3,0.035,1,130.765217401603,71.3844887424239,0.403947988089217,0.319761984473145,3.68261864985142,0,14.04,53.4,0.0353012091637977,0.567633257727084,83.1087635914188,0.0786828376207998,0.0468546949637099,0.00735972813653212,0.0794824035265253,0,38.76,68.48,0.439900979006991,1.74320677397706,1.10244511457976,197.028074348118,0.425587393372652,0.258995873025349,0.0642774466067284,0.562494069506063,1,0,0,0
39,44.15,1800,0.3,0.05,1,130.562306741766,71.3926063976452,0.405697014199948,0.319766509952446,3.67951331518061,0,14.04,53.36,0.0353013751224239,0.568592722909159,83.3692829761749,0.0791956657279703,0.04758762285064,0.00736402333306036,0.0799893500087097,0,38.76,68.4,0.439903921462101,1.74352437197768,1.10248428944268,197.789294529673,0.426244635735746,0.259021434177184,0.0642803541013949,0.563152254577763,1,0,0,0
40,44.15,1800,0.427,0.02,1,129.761503072447,71.2932888804678,0.409022115473418,0.320029840086636,3.65062799543234,0,14.12,55.9,0.0378019493643215,0.570024844680349,83.2565998752849,0.0797135700819342,0.0470359499604204,0.00737749151348867,0.081034981398354,0,39,72.58,0.469265308609012,1.74330548533318,1.10883942419288,196.646844551592,0.43511286187999,0.258368855190159,0.0645383803039067,0.575276010551193,1,0,0,0
41,44.15,1800,0.427,0.035,1,129.530251404177,71.3015878092161,0.410966898777636,0.320034508599157,3.6480356214624,0,14.12,55.96,0.0378021188880764,0.570980031307398,83.5149089902652,0.0802267875669835,0.0477594623186418,0.0073818169444019,0.0815455865079664,0,39,72.6,0.469268351697162,1.74365136825783,1.10887973228932,197.383799320172,0.435757504930412,0.259868286496778,0.0645412576589876,0.575927414100313,1,0,0,0
42,44.15,1800,0.427,0.05,1,129.287864190016,71.3098841591367,0.413000940686065,0.320039232795756,3.64495710461668,0,14.12,56.02,0.0378022883907939,0.57195927993522,83.780801019065,0.08074879706895,0.048504421793116,0.00738638111604576,0.0820654361320677,0,39.02,72.62,0.469271390188848,1.74394272617463,1.1089191480014,198.144653000456,0.436431183556412,0.259901077807025,0.0645441778814248,0.576605109009213,1,0,0,0
43,44.15,1800,0.5,0.02,1,129.011527507763,71.2438965357434,0.413235792929661,0.320192111506341,3.63058615193441,0,14.18,57.42,0.0393567987948776,0.571993724522531,83.4914058278983,0.080623527997699,0.0475616391632699,0.00739069801668369,0.0822480727995688,0,39.14,73.72,0.487458280099845,1.74357746553183,1.11267647461597,196.846813576915,0.441162977060215,0.258887438252092,0.0646963084742082,0.583274758879659,1,0,0,0
44,44.15,1800,0.5,0.035,1,128.755149335079,71.2523018966491,0.415358663238572,0.320196898489087,3.62800385132504,0,14.18,57.44,0.0393569703788946,0.572951619051676,83.7519653963981,0.0811401019729517,0.0482919963682545,0.00739517785210017,0.0827644538685381,0,39.14,73.7,0.487461386551739,1.74390739807538,1.11271728234698,197.584499247461,0.441816630641952,0.260370986068227,0.0646991919831432,0.5839370355469,1,0,0,0
45,44.15,1800,0.5,0.05,1,128.485479020964,71.2607043127837,0.417586368125245,0.320201746733286,3.6249413233077,0,14.18,57.48,0.0393571418970516,0.573933784704155,84.0204942362074,0.0816652438070753,0.0490438528141455,0.00739990197588746,0.083293133808973,0,39.14,73.68,0.487464491516901,1.7441835904628,1.11275703473182,198.351930027748,0.442499826566357,0.260407848626723,0.0647021179633515,0.584626110275378,1,0,0,0
46,44.15,1828.6803192735,0.3,0.02,1,130.93743843824,71.3776112762005,0.402461991107244,0.319758188497476,3.68568973535531,0,14.04,53.42,0.035301043522245,0.566779952427906,82.8784901073778,0.0782139002917882,0.0462035787324797,0.00735601181982881,0.0790341075147905,0,38.74,68.54,0.439898038227274,1.74287477065043,1.1024087763009,196.363554253188,0.425012115859941,0.258161577231015,0.0642748293799273,0.561917206066593,1,0,0,0
47,44.15,1828.6803192735,0.3,0.035,1,130.742469014995,71.385733638644,0.404146218240529,0.319762632452041,3.68309501948645,0,14.04,53.38,0.0353012094683397,0.567716671341672,83.1316087968842,0.0787190957139075,0.0469172746184674,0.00736009773288179,0.0795331496574544,0,38.76,68.48,0.439900982744917,1.7432456827257,1.1024483789584,197.097331862472,0.425641878579694,0.259675034257869,0.0642776984062728,0.562551354219326,1,0,0,0
48,44.15,1828.6803192735,0.3,0.05,1,130.53895967491,71.3938539792542,0.405900588164141,0.319767123348036,3.6800034901502,0,14.04,53.36,0.0353013754294487,0.568677966391918,83.3930160273112,0.079233325949842,0.0476523471373545,0.00736441148084098,0.0800413860830138,0,38.76,68.4,0.439903924979882,1.74356076768942,1.10248726632651,197.860391702956,0.426301749196622,0.259716660456268,0.0642806103444041,0.563212015358756,1,0,0,0
49,44.15,1828.6803192735,0.427,0.02,1,129.734066267696,71.2945503929458,0.40925279591316,0.320030801267152,3.65107252148677,0,14.12,55.9,0.0378019498524933,0.570110469032841,83.2799473469301,0.0797500164773527,0.047097508280193,0.007377870795153,0.0810857733455257,0,39,72.58,0.469265316462095,1.7433478749684,1.10884226918887,196.714897262836,0.43516832922345,0.259026065256016,0.0645386290681966,0.575334139920463,1,0,0,0
50,44.15,1828.6803192735,0.427,0.035,1,129.501986837351,71.3028520628551,0.411204620528938,0.32003543541294,3.64849377067904,0,14.12,55.96,0.0378021193748946,0.571067456984738,83.538758983671,0.0802639738225081,0.0478230759031424,0.00738221461400322,0.0815976568623888,0,39,72.6,0.469268359169062,1.74369107548701,1.10888302403675,197.453592837257,0.435814250657503,0.260545728751988,0.064541510742018,0.575987072647385,1,0,0,0
51,44.15,1828.6803192735,0.427,0.05,1,129.258696586368,71.3111511756285,0.413246308970574,0.320040124801694,3.64542852883067,0,14.12,56.02,0.0378022888771984,0.572048598632228,83.8051842695789,0.0807874111532978,0.0485702162719497,0.0073867933222445,0.0821188288744291,0,39.02,72.62,0.469271396894968,1.74397979465102,1.10892215577494,198.217374599564,0.436490200763872,0.260594305044214,0.0645444354408428,0.576667337137918,1,0,0,0
52,44.15,1828.6803192735,0.5,0.02,1,128.980574240451,71.2451693274294,0.413491153581636,0.320193240463377,3.63102054845882,0,14.18,57.42,0.0393567993932295,0.572080156241484,83.5151818498313,0.0806606345673479,0.047624025705597,0.00739109425123109,0.0822996744187341,0,39.14,73.72,0.487458290714277,1.74362039158502,1.11267946057615,196.915343549698,0.441219457676036,0.259539082586831,0.0646965583795276,0.583334243818739,1,0,0,0
53,44.15,1828.6803192735,0.5,0.035,1,128.723157719717,71.2535774712462,0.415622618005402,0.320197993021989,3.62845156289736,0,14.18,57.46,0.0393569709714988,0.573039870777407,83.7762538593226,0.081178593159655,0.0483564641222934,0.00739558810777109,0.0828173487302099,0,39.14,73.7,0.487461397057467,1.74394756111011,1.11271998649069,197.655701334047,0.441874745007924,0.26104742480106,0.0646994462291979,0.583998084184208,1,0,0,0
54,44.15,1828.6803192735,0.5,0.05,1,128.452315631296,71.2619826923828,0.417859942480968,0.320202806396065,3.6254020096881,0,14.18,57.48,0.0393571424843566,0.574023948715991,84.0457026894669,0.0817051844183654,0.0491105276999356,0.00740033270397627,0.0833472966736381,0,39.14,73.68,0.487464501340119,1.74422104278433,1.11276019146274,198.425154472874,0.442559948283287,0.261099911589942,0.0647023767057104,0.584689783082036,1,0,0,0
55,44.15,2300,0.3,0.02,1,130.55950153441,71.3980330861741,0.405746914877805,0.319769322179803,3.69263484116597,0,14.04,53.38,0.0353010485303999,0.568165225828901,83.2576824752916,0.0788281307750742,0.0472354551787396,0.00736208534742157,0.0798674270765857,0,38.76,68.46,0.439898101318842,1.74347394299447,1.10245179776962,197.50262580146,0.425929746013712,0.26890774113204,0.0642789745749164,0.562866123905829,1,0,0,0
56,44.15,2300,0.3,0.035,1,130.354792235442,71.406200433997,0.407518182738774,0.319773185530153,3.69028028319862,0,14.04,53.36,0.0353012145091267,0.5691322973788,83.5218266175097,0.0793508705921756,0.0479835913256873,0.00736642855504994,0.0803877147351482,0,38.76,68.38,0.439901042948098,1.74380462996269,1.10249423841549,198.271972961264,0.426591842276895,0.270722185174202,0.0642819165719877,0.563532086996376,1,0,0,0
57,44.15,2300,0.3,0.05,1,130.140594208635,71.4143658361953,0.409367387144755,0.319777092411428,3.68742284711747,0,14.04,53.34,0.0353013805244748,0.570134353398038,83.7940370932084,0.0798855193467523,0.0487549181561103,0.00737101959068082,0.0809179351455097,0,38.76,68.3,0.439903984319315,1.74408086221482,1.10253294531403,199.068641575489,0.427281782880001,0.270980006914212,0.0642849041228255,0.564228625388099,1,0,0,0
58,44.15,2300,0.427,0.02,1,129.264995327152,71.3152905050423,0.413189639816657,0.320046513780136,3.65774037093481,0,14.12,56,0.0378019578645401,0.571561310778375,83.674056823273,0.0803799370993553,0.0481548344735776,0.00738435579270788,0.081940806475812,0,39,72.6,0.469265440171641,1.7439607144204,1.10888666562711,197.874048303379,0.436116904046223,0.269753174526548,0.0645427957447045,0.576322634021294,1,0,0,0
59,44.15,2300,0.427,0.035,1,129.018102624295,71.3236386537883,0.415266870138984,0.320050560573048,3.65539257065415,0,14.12,56.06,0.0378021273888225,0.572549389659443,83.9434092258538,0.0809118155654859,0.0489149065791508,0.00738897800937311,0.0824744700239371,0,39.02,72.62,0.469268472152607,1.74426153634175,1.108929346111,198.649874112805,0.436796119403518,0.271560355802819,0.0645457509393228,0.577008607374176,1,0,0,0
60,44.15,2300,0.427,0.05,1,128.757794982516,71.3319843188974,0.417450983966729,0.320054659202551,3.65255243974263,0,14.12,56.14,0.0378022969688214,0.573563186137736,84.2216703540336,0.0814559686893529,0.0496980007932121,0.00739386053877251,0.0830181677215241,0,39.02,72.62,0.469271493494349,1.74450951492786,1.10896933263603,199.451136584009,0.437503165461366,0.271820894817276,0.0645487517737779,0.577725807428154,1,0,0,0
61,44.15,2300,0.5,0.02,1,128.449718707129,71.266095699383,0.417862518629357,0.320211705988639,3.63752953905192,0,14.18,57.46,0.0393568091590208,0.573546713909691,83.9182925812137,0.0812990448796185,0.0486971200704088,0.00739783100097365,0.0831681181370113,0,39.14,73.68,0.4874584621346,1.74424103539952,1.11272384082595,198.088558343399,0.44218610429116,0.270280704368007,0.064700743897066,0.584345971426399,1,0,0,0
62,44.15,2300,0.5,0.035,1,128.173026853126,71.2745511670274,0.420152141589838,0.320215868073614,3.63518630184953,0,14.18,57.46,0.0393569806624563,0.574546837885252,84.1908378804361,0.0818371056677555,0.049464353104423,0.00740261578369752,0.0837078118878327,0,39.14,73.64,0.487461558745418,1.74452459296301,1.11276810260458,198.865268170252,0.442875238759272,0.272043134789531,0.0647037056056533,0.585043825124656,1,0,0,0
63,44.15,2300,0.5,0.05,1,127.880735283987,71.2830037810009,0.422564490281234,0.320220087615439,3.63235678649126,0,14.18,57.48,0.0393571521637137,0.575572397146086,84.4715513507614,0.0823845164994666,0.0502546550159285,0.00740767419563393,0.0842597200520366,0,39.16,73.62,0.48746464112819,1.74475625399426,1.11280749675811,199.668492543946,0.44359212839368,0.272305157264269,0.0647067125152918,0.58577282090422,1,0,0,0
64,44.15,2800,0.3,0.02,1,130.128807064505,71.4197092819362,0.409476894792075,0.319781028802215,3.69861377662205,0,14.04,53.36,0.0353010539035762,0.569743256142493,83.6868744630253,0.0795433844381863,0.0484217756211844,0.00736901051186774,0.0807934947626661,0,38.76,68.36,0.439898166995125,1.74397409031293,1.10249269143921,198.800342019092,0.426990549392489,0.279861737429953,0.0642835352396435,0.56394810186186,1,0,0,0
65,44.15,2800,0.3,0.035,1,129.911913056564,71.4279253933387,0.411355738593906,0.319784256281289,3.69652803564127,0,14.02,53.36,0.0353012199310844,0.570754994913867,83.96198333543,0.0800879698837739,0.0492099543419652,0.00737366730942939,0.0813379369039692,0,38.76,68.28,0.439901111905676,1.74426636179325,1.10291188235791,199.612466628923,0.427688701345855,0.281740196585077,0.0642865599780573,0.564653624490235,1,0,0,0
66,44.15,2800,0.3,0.05,1,129.683937175313,71.4361394323003,0.41332525798672,0.319787526505604,3.69393339466187,0,14.02,53.36,0.0353013859599723,0.57179419846501,84.2475254169459,0.0806447462098882,0.0500231022123327,0.00737859698608533,0.0818931393682818,0,38.78,68.18,0.439904064774491,1.74450679483767,1.10778948359555,200.452234096198,0.428418990069622,0.282132499139541,0.064289633106023,0.565390239699046,1,0,0,0
67,44.15,2800,0.427,0.02,1,128.724218540155,71.3373067144158,0.417710324508536,0.320063072108529,3.66345457901128,0,14.1,56.1,0.0378019664257627,0.57319423536121,84.1206255584389,0.0811126110205561,0.049371175253892,0.00739177141700837,0.0828909288515558,0,39.02,72.6,0.4692655519478,1.74447239138178,1.10892802312732,199.194156460512,0.437213209636918,0.28074340830434,0.0645473811603671,0.577448953547471,1,0,0,0
68,44.15,2800,0.427,0.035,1,128.457752783303,71.3457054463398,0.41995070767569,0.320066472469016,3.66136532390491,0,14.1,56.16,0.0378021360974497,0.574218505315386,84.4011249540996,0.0816669052173891,0.0501724487265329,0.0073967270080261,0.0834493332006138,0,39.02,72.6,0.469268567436108,1.74473283385894,1.10897395127317,200.012994233169,0.437929123439065,0.282539437193871,0.0645504196387387,0.578176267523125,1,0,0,0
69,44.15,2800,0.427,0.05,1,128.176207541013,71.354101549407,0.42231145335047,0.320069924067739,3.65877798113589,0,14.1,56.22,0.0378023059377566,0.575270262977971,84.6914960605031,0.0822333436594173,0.0509988906830472,0.00740197797169193,0.0840186061929182,0,39.02,72.6,0.469271574466836,1.74494334455682,1.11144817681916,200.859401601456,0.438677777078641,0.28293091079769,0.0645535065418226,0.578934366231553,1,0,0,0
70,44.15,2800,0.5,0.02,1,127.833102975381,71.288310935655,0.422918526986123,0.320231181890952,3.64309210788223,0,14.16,57.46,0.0393568194667408,0.575221026102558,84.3737334199018,0.0820408689331241,0.0499300851622634,0.00740553746703448,0.0841326528811361,0,39.16,73.62,0.487458619464322,1.74475929344158,1.11276721231793,199.423933061557,0.443303179516234,0.281251277084976,0.064705349379103,0.585498316361838,1,0,0,0
71,44.15,2800,0.5,0.035,1,127.533358467921,71.2968180407892,0.425397212630536,0.320234691985797,3.64100161517148,0,14.16,57.46,0.0393569910844404,0.576257959118945,84.6578351814357,0.082602444591485,0.0507389204877999,0.00741067457434267,0.084697328979328,0,39.16,73.58,0.487461686399608,1.74500134785957,1.11281274089559,200.243914861549,0.444029321020458,0.282999659705122,0.0647083946639813,0.586238353393527,1,0,0,0
72,44.15,2800,0.5,0.05,1,127.21363032592,71.3053221333259,0.428031682557358,0.320238259092622,3.63841923682837,0,14.14,57.44,0.0393571629613217,0.577322071270147,84.9523864356326,0.0831742135154647,0.0515729677901368,0.00741612509585952,0.0852749867626037,0,39.16,73.54,0.487464727402846,1.74519458707965,1.11358843064771,201.091322604413,0.444788598426484,0.283390586569943,0.0647114878745821,0.587008924023999,1,0,0,0
73,47.3,1800,0.3,0.02,1,139.04607231688,71.5995684421464,0.347453832898978,0.317970717000184,4.27396178077469,0,13.66,52.56,0.033848617312451,0.549793111438745,80.0654265269818,0.0604354135459758,0.0376751348803921,0.00734101738120429,0.0785351475541906,0,38.42,68.24,0.422336592220131,1.74272026146647,1.09972810720756,193.888557115548,0.285395466014876,0.249405961669647,0.0641230820080869,0.549360106819845,1,0,0,0
74,47.3,1800,0.3,0.035,1,139.015281399189,71.6062401748924,0.347816991552273,0.317972660448214,4.27125919663115,0,13.64,52.56,0.0338487290317943,0.550572673941884,80.2641699146679,0.0608274310641488,0.0380343375551038,0.00734276945852566,0.0790263720434563,0,38.42,68.28,0.422338568434692,1.7431063848434,1.09976747286742,194.587167523344,0.285784849616948,0.250874929857474,0.0641254839614243,0.549875602037156,1,0,0,0
75,47.3,1800,0.3,0.05,1,138.984192053887,71.6129126814672,0.348183596210091,0.317974599341377,4.26784597338099,0,13.64,52.56,0.0338488407502241,0.551377294161453,80.4710646350765,0.0612288390215703,0.0383965629229296,0.00734459619265893,0.0795301424811853,0,38.42,68.32,0.422340545726128,1.74343460805584,1.09980151245947,195.310850806231,0.286195266665883,0.251873100604089,0.0641279307342968,0.550416750807902,1,0,0,0
76,47.3,1800,0.427,0.02,1,138.71591712403,71.5388699870807,0.348956432727681,0.318140406571593,4.24781825478136,0,13.7,54,0.0354247435723402,0.552258587355508,80.3810360010845,0.0612790004958837,0.038013667857403,0.00735457063650993,0.0801307171057359,0,38.58,70.02,0.440894160850833,1.74318531677427,1.10399440335737,194.246258989351,0.290095225155272,0.250101761287696,0.0642977349945188,0.558270694894342,1,0,0,0
77,47.3,1800,0.427,0.035,1,138.682853639047,71.54564165584,0.349338532494186,0.318142391555859,4.24509288089701,0,13.68,53.98,0.0354248569901368,0.553056132438725,80.583474474054,0.061677172058751,0.0383752741849792,0.00735642686855864,0.0806326259106269,0,38.58,70.02,0.440896179527351,1.74354500499895,1.10403227514239,194.948823845317,0.290494824931815,0.251577525723705,0.0643001478876042,0.558802642577166,1,0,0,0
78,47.3,1800,0.427,0.05,1,138.649452395404,71.5524141243378,0.34972444402113,0.318144371871499,4.24166573326694,0,13.68,53.98,0.0354249704080703,0.553878630057156,80.79582864659,0.0620838417650343,0.0388734172571426,0.00735836106027065,0.0811458597647809,0,38.58,70.04,0.44089819915352,1.74384787359541,1.10406859921275,195.681129713656,0.290913799268886,0.252521000392528,0.0643026056603677,0.559357374356564,1,0,0,0
79,47.3,1800,0.5,0.02,1,138.518932872736,71.5032048572373,0.349854802762401,0.318240323726062,4.23270352152914,0,13.72,54.84,0.0363793442922652,0.553695085313149,80.5650418374087,0.0617726651077522,0.0382123051291222,0.00736260015275903,0.0810656579801864,0,38.66,70.88,0.45210759128645,1.74345311271576,1.10650737322515,194.449993317552,0.292862113650881,0.25050262788847,0.0644008815501961,0.56352347742059,1,0,0,0
80,47.3,1800,0.5,0.035,1,138.484459903513,71.5100353510687,0.350248547197179,0.318242333359058,4.22996567165581,0,13.72,54.84,0.0363794586866632,0.554502915992401,80.7714719577238,0.0621732703430397,0.038607446477022,0.0073645138681133,0.0815730539446383,0,38.66,70.88,0.452109634866348,1.74379752265237,1.10654536884486,195.160089040505,0.293268191678269,0.251982231392932,0.064403303223238,0.564063011793058,1,0,0,0
81,47.3,1800,0.5,0.05,1,138.449623741008,71.5168666598948,0.350646337047992,0.31824433825928,4.22653115622401,0,13.7,54.84,0.0363795730814167,0.555335626693258,80.984519741217,0.0625830979814087,0.0392058552056628,0.00736651574783424,0.0820917233752436,0,38.66,70.86,0.452111679320403,1.74408574956265,1.1065820377094,195.895159286564,0.293693833068626,0.252894087836615,0.0644057695272272,0.564628126660321,1,0,0,0
82,47.3,1828.6803192735,0.3,0.02,1,139.040423971429,71.6007732399277,0.347517886641691,0.317971275437783,4.27435141590093,0,13.66,52.56,0.0338486176122185,0.549883926077253,80.0883837654469,0.0604757424736142,0.0377170068177567,0.00734121345962391,0.0785970220895058,0,38.42,68.24,0.422336596366222,1.74276383272429,1.09973103354625,193.97278181755,0.285440678867918,0.250174423857188,0.0641233509125162,0.549419150192647,1,0,0,0
83,47.3,1828.6803192735,0.3,0.035,1,139.009690181035,71.6074476209769,0.347880839072387,0.317973183286656,4.27168616406768,0,13.64,52.56,0.0338487293303161,0.550665431714496,80.2875366717497,0.0608692068547544,0.0380767358059527,0.00734296832916755,0.0790898591452242,0,38.42,68.28,0.422338572645275,1.7431472443223,1.09977008143285,194.673554274918,0.285831548894715,0.251667801721134,0.0641257576435208,0.549937137711369,1,0,0,0
84,47.3,1828.6803192735,0.3,0.05,1,138.978658571687,71.6141227659378,0.34824723400957,0.317975086602975,4.2683096343415,0,13.64,52.56,0.0338488410500834,0.551472129644192,80.4954178362353,0.0612711361186073,0.038440819981455,0.00734480161785832,0.0795953854479627,0,38.42,68.34,0.422340549989256,1.74347279399051,1.09980456611018,195.40112349855,0.286242690847607,0.252674240524224,0.0641282094348631,0.550479707758079,1,0,0,0
85,47.3,1828.6803192735,0.427,0.02,1,138.709283590052,71.5400865288433,0.349028039932374,0.318141205055368,4.24819371130373,0,13.7,54,0.0354247440541682,0.552353304185836,80.4047647055567,0.0613195399495696,0.0380550664964152,0.00735478000279136,0.080193942632218,0,38.58,70.02,0.440894168184366,1.74322991532684,1.10399706533451,194.331795245617,0.290141007459189,0.250869285309264,0.0642980054723226,0.558331469404931,1,0,0,0
86,47.3,1828.6803192735,0.427,0.035,1,138.676273022146,71.5468609269252,0.349409988579697,0.318143153801594,4.24550479926187,0,13.68,53.98,0.0354248574718118,0.553152874240435,80.6081628015024,0.0617191737316737,0.0384184930992364,0.00735664002578693,0.0806975667696662,0,38.58,70.02,0.440896186931553,1.74358673875529,1.10403536331859,195.036557464512,0.290542649559191,0.252369195950612,0.0643004231863197,0.558865990252187,1,0,0,0
87,47.3,1828.6803192735,0.427,0.05,1,138.642925233959,71.5536361140423,0.349795746462767,0.318145097908653,4.24211349103649,0,13.68,53.98,0.0354249708899741,0.553977531266554,80.820999893144,0.0621273874027223,0.038943504497621,0.00735858145474173,0.0812125905223933,0,38.58,70.04,0.440898206615338,1.74388679759643,1.10407137666893,195.772797033703,0.290963836090357,0.253320546051605,0.0643028860204663,0.559423487839878,1,0,0,0
88,47.3,1828.6803192735,0.5,0.02,1,138.51169489793,71.5044282650253,0.349931008882613,0.31824126371304,4.23307085366041,0,13.72,54.84,0.0363793448804343,0.553792081529764,80.5895250125814,0.0618141825201271,0.038254176124373,0.00736281611295291,0.0811297284024917,0,38.66,70.88,0.452107600515894,1.74349829901771,1.10651006819578,194.537158353444,0.292909691647224,0.251269602445953,0.0644011535493396,0.563586392068861,1,0,0,0
89,47.3,1828.6803192735,0.5,0.035,1,138.477271894127,71.5112615363529,0.350324638656556,0.318243236732054,4.23036896998346,0,13.72,54.84,0.0363794592748527,0.554601983841409,80.7964083775753,0.0622162703017503,0.0386768506755434,0.00736473714278317,0.0816388595449892,0,38.66,70.88,0.452109644170425,1.74383975636209,1.10654849233554,195.249503817344,0.293316202297234,0.252773200572928,0.0644035800815114,0.564127295027297,1,0,0,0
90,47.3,1828.6803192735,0.5,0.05,1,138.442486179825,71.5180956114382,0.350722312028916,0.318245205052888,4.22696980768383,0,13.7,54.84,0.0363795736692944,0.555436900432164,81.0099436766345,0.0626268355546059,0.0392778253963817,0.00736674229601261,0.0821593385458882,0,38.66,70.86,0.452111688685429,1.74412509544665,1.10658484832424,195.986979202966,0.293744082364173,0.253692707945154,0.0644060514836929,0.564695222982515,1,0,0,0
91,47.3,2300,0.3,0.02,1,138.946543718547,71.6205754633709,0.348582410692152,0.317980430332187,4.27908998785568,0,13.64,52.56,0.033848622532504,0.551444820435812,80.483137396887,0.0611755416089253,0.0384597359743098,0.00734453262850823,0.0796460770128137,0,38.42,68.34,0.422336665858537,1.74339075278913,1.09977161273872,195.425235276436,0.286226651947145,0.262481819599349,0.0641278833707037,0.550440280432727,1,0,0,0
92,47.3,2300,0.3,0.035,1,138.916763959219,71.6272932143332,0.348941889684456,0.317981752886355,4.27704961393202,0,13.62,52.56,0.0338487342517119,0.552274597302933,80.6934030833468,0.0615923073884168,0.0389471910484032,0.00734637339935501,0.0801675194453309,0,38.42,68.38,0.422338643059,1.74373150357305,1.09981253446017,196.174428709956,0.286645718963077,0.264321686588878,0.0641303732460728,0.550995834259504,1,0,0,0
93,47.3,2300,0.3,0.05,1,138.886696474868,71.6338434111975,0.349304752574286,0.317985460425505,4.27425702247034,0,13.6,52.56,0.0338488459703281,0.553131604246233,80.9123743553842,0.0620186616381075,0.0395767068321564,0.0073482958750475,0.080703417029358,0,38.44,68.44,0.422340621140181,1.74401596974129,1.09984672827087,196.951598071492,0.287086280400957,0.265271897827888,0.0641329123567708,0.551578637023231,1,0,0,0
94,47.3,2300,0.427,0.02,1,138.598931109596,71.5598966460423,0.350219319722512,0.318156924749294,4.25268614391084,0,13.68,53.98,0.0354247519663649,0.553976432146877,80.814667086545,0.062031078772032,0.0389173149645091,0.00735832552771579,0.0812661037153533,0,38.58,70.04,0.440894290145821,1.74387170892926,1.1040386945501,195.811605380757,0.290950319897834,0.263157175101941,0.0643025650785631,0.559393357117762,1,0,0,0
95,47.3,2300,0.427,0.035,1,138.566804854429,71.5667147215327,0.35059871772801,0.318158295682238,4.25060736673882,0,13.66,53.98,0.0354248653846423,0.554811946519798,81.0288628440552,0.0624527950381,0.0395334962317302,0.00736028030149481,0.081799411803392,0,38.58,70.04,0.440896309905299,1.7441835422423,1.10407808930533,196.565312053908,0.291380635822857,0.264999393512024,0.0643050666607307,0.559964380801875,1,0,0,0
96,47.3,2300,0.427,0.05,1,138.534350320205,71.573532614473,0.350981882566902,0.318159673760694,4.24781744911898,0,13.64,53.98,0.035424978802589,0.555674901651671,81.2537981666618,0.0628857191485394,0.040171590813301,0.00736232493952963,0.082345407969164,0,38.58,70.04,0.440898330388444,1.74444048334374,1.10411490531271,197.3519559086,0.291833084681617,0.265889304624753,0.0643076175315989,0.560562269574305,1,0,0,0
97,47.3,2300,0.5,0.02,1,138.391221278856,71.5243388856641,0.351199583972123,0.318259480832047,4.23744021981319,0,13.7,54.84,0.0363793545443487,0.555453311420455,81.0077475555355,0.0625345664578153,0.0392545026305448,0.00736649762550364,0.0822159742857912,0,38.66,70.86,0.452107753689781,1.74414860030917,1.10655197934172,196.031804376815,0.293734054970466,0.263546130106536,0.0644057383920471,0.564668752475148,1,0,0,0
98,47.3,2300,0.5,0.035,1,138.357633370182,71.5312164886255,0.351591276369956,0.318260871953595,4.23534017807915,0,13.66,54.84,0.0363794689389828,0.556299934103307,81.2263814254306,0.0629604249446782,0.0398750597216561,0.00736851947019878,0.0827551145574632,0,38.66,70.86,0.452109798417714,1.74444373180717,1.10659171505139,196.793647428232,0.294169262952133,0.265389633148921,0.064408249408467,0.565250652007568,1,0,0,0
99,47.3,2300,0.5,0.05,1,138.323690768764,71.5380938708935,0.351986981831646,0.3182622708423,4.23253423603876,0,13.66,54.82,0.0363795833338805,0.557173919358291,81.4523239664344,0.063395875736239,0.0405187261792249,0.00737063674302326,0.083306886804319,0,38.66,70.84,0.452111843781103,1.74468478773373,1.10662866917335,197.583379284177,0.294627500768284,0.266244726294977,0.0644108094372469,0.565858556195087,1,0,0,0
100,47.3,2800,0.3,0.02,1,138.844695427382,71.6413989197564,0.349737037707617,0.31799279919004,4.28060341412625,0,13.6,52.56,0.0338486277520704,0.553273862120251,80.9417387807299,0.0620121912622852,0.039671754019767,0.00734831903205029,0.0808275932127443,0,38.44,68.44,0.422336741612767,1.74391023536536,1.09981130989066,197.127470667433,0.287172697743166,0.274511120431398,0.0641329323241302,0.551642101146078,1,0,0,0
101,47.3,2800,0.3,0.035,1,138.815960480121,71.6481608838025,0.350092648976095,0.317993525108391,4.27923984414604,0,13.58,52.56,0.0338487394714006,0.554147016092688,81.1655028927455,0.062455038608304,0.0403279074723594,0.00735026283585034,0.0813839219058967,0,38.44,68.5,0.422338719562982,1.7442106309187,1.09985071527891,197.935745711546,0.287627772490149,0.276599112969329,0.0641355205195611,0.552243814868427,1,0,0,0
102,47.3,2800,0.3,0.05,1,138.786948796191,71.6549225013042,0.350451578887976,0.317994258358956,4.27715026770532,0,13.58,52.56,0.0338488511911694,0.555050213384129,81.3984605406926,0.0629095842480654,0.0410086605169103,0.0073523020995194,0.0819555214220436,0,38.44,68.54,0.422340698241376,1.74445759897503,1.09988822907657,198.775303759686,0.288107315724917,0.277203517593752,0.0641381628270804,0.552874247960394,1,0,0,0
103,47.3,2800,0.427,0.02,1,138.478998154412,71.5810899337967,0.351514101750257,0.318171170031787,4.25405402839238,0,13.64,53.98,0.0354247603599919,0.555847141136633,81.2902674275061,0.0628843287529979,0.0402749528264108,0.00736238259975187,0.0824741379875863,0,38.58,70.04,0.440894421686455,1.74440363749573,1.10407624852923,197.544849590403,0.291926681247504,0.27516086833868,0.0643076455709736,0.560639651498889,1,0,0,0
104,47.3,2800,0.427,0.035,1,138.44784165171,71.5879543649596,0.351890648023729,0.318171919324051,4.25263668562361,0,13.64,53.96,0.0354248737784864,0.556740501267549,81.5183512897067,0.0633339633423895,0.0409402416430863,0.0073644567541645,0.0830421804059143,0,38.6,70.04,0.440896442242869,1.74467301055309,1.10411892135553,198.358234053059,0.292392106042281,0.277247441735009,0.064310246263307,0.561256692059646,1,0,0,0
105,47.3,2800,0.427,0.05,1,138.416366644338,71.5948183732975,0.35227091349403,0.318172677105049,4.25050257354146,0,13.62,53.96,0.0354249871968862,0.557663744605437,81.7576830649673,0.0637943122107667,0.041630233712166,0.00736663633385589,0.0836244037253401,0,38.6,70.04,0.440898463325873,1.74489067089993,1.10415419716615,199.206427324608,0.292882197415895,0.277788305125662,0.0643129011107198,0.561907246100939,1,0,0,0
106,47.3,2800,0.5,0.02,1,138.260143176742,71.5456513466044,0.352580100596259,0.318276219220726,4.2387067256851,0,13.66,54.82,0.0363793647959646,0.557361135815119,81.4929235253299,0.063394608076039,0.0406271696732183,0.00737071702359346,0.0834393196360479,0,38.66,70.84,0.452107918436096,1.74468764537604,1.10658995519784,197.783127575875,0.294725418341989,0.275534978579819,0.064410845986249,0.565942663889562,1,0,0,0
107,47.3,2800,0.5,0.035,1,138.227471272519,71.552576090175,0.352969622539246,0.318276982753157,4.23725926059497,0,13.64,54.82,0.036379479190635,0.558252749106266,81.7257989615161,0.0638469065281156,0.0412971496661353,0.00737286850526666,0.0840135312919753,0,38.68,70.82,0.452109964001213,1.74493911051816,1.10663280671507,198.603974819105,0.295198341159695,0.277620673279011,0.0644134567283475,0.566571226323955,1,0,0,0
108,47.3,2800,0.5,0.05,1,138.194453450399,71.5595003615499,0.353363123029205,0.318277755515659,4.23510034830372,0,13.62,54.82,0.0363795935866211,0.559185884462167,81.9668052741383,0.0643110978409398,0.0419925327544719,0.00737513166237505,0.0846018593251694,0,38.68,70.8,0.452112009969204,1.74513986510405,1.10666824596827,199.457435950513,0.295695972475483,0.278124876227938,0.0644161213136174,0.567229273808623,1,0,0,0
