caseID,cgIn,cgPercentMAC,staticMarginPct,iyKgm2,clDeltaE,cmAlpha,isStable,spReal,spImag,spWn,spZeta,spPeriod_s,phReal,phImag,phWn,phZeta,phPeriod_s,alphaDot0_degps,qDot0_degps2
1,41,25.6802721088435,22.4106369820656,1800,0.3,-1.23258503401361,1,-3.58479604297653,4.83049734564384,6.01535263106099,0.595941129779492,1.30073258664468,-0.0128304673891794,0.217339177811556,0.217717567286675,0.0589317047268177,28.9095844129282,0.127976095215675,29.2662111753607
2,41,25.6802721088435,22.4106369820656,1800,0.427,-1.23258503401361,1,-3.58479604297653,4.83049734564384,6.01535263106099,0.595941129779492,1.30073258664468,-0.0128304673891794,0.217339177811556,0.217717567286675,0.0589317047268177,28.9095844129282,0.182152642190311,29.1933847458121
3,41,25.6802721088435,22.4106369820656,1800,0.5,-1.23258503401361,1,-3.58479604297653,4.83049734564384,6.01535263106099,0.595941129779492,1.30073258664468,-0.0128304673891794,0.217339177811556,0.217717567286675,0.0589317047268177,28.9095844129282,0.213293492026126,29.151523884733
4,41,25.6802721088435,22.4106369820656,1828.6803192735,0.3,-1.23258503401361,1,-3.54703591429121,4.79954590921006,5.96800676205102,0.594341805516354,1.30912078476476,-0.0128058646620152,0.217340198002506,0.217717137215954,0.0588188179661443,28.909448711863,0.127976095215675,28.8072111677659
5,41,25.6802721088435,22.4106369820656,1828.6803192735,0.427,-1.23258503401361,1,-3.54703591429121,4.79954590921006,5.96800676205102,0.594341805516354,1.30912078476476,-0.0128058646620152,0.217340198002506,0.217717137215954,0.0588188179661443,28.909448711863,0.182152642190311,28.7355269199474
6,41,25.6802721088435,22.4106369820656,1828.6803192735,0.5,-1.23258503401361,1,-3.54703591429121,4.79954590921006,5.96800676205102,0.594341805516354,1.30912078476476,-0.0128058646620152,0.217340198002506,0.217717137215954,0.0588188179661443,28.909448711863,0.213293492026126,28.6943225885243
7,41,25.6802721088435,22.4106369820656,2300,0.3,-1.23258503401361,1,-3.06148928664655,4.3529215244191,5.32171423979179,0.575282540305346,1.44344097910612,-0.0124013563209956,0.217354984448683,0.217708481468425,0.0569631290308465,28.9074820304525,0.127976095215675,22.9039913546301
8,41,25.6802721088435,22.4106369820656,2300,0.427,-1.23258503401361,1,-3.06148928664655,4.3529215244191,5.32171423979179,0.575282540305346,1.44344097910612,-0.0124013563209956,0.217354984448683,0.217708481468425,0.0569631290308465,28.9074820304525,0.182152642190311,22.8469967575921
9,41,25.6802721088435,22.4106369820656,2300,0.5,-1.23258503401361,1,-3.06148928664655,4.3529215244191,5.32171423979179,0.575282540305346,1.44344097910612,-0.0124013563209956,0.217354984448683,0.217708481468425,0.0569631290308465,28.9074820304525,0.213293492026126,22.8142360837041
10,41,25.6802721088435,22.4106369820656,2800,0.3,-1.23258503401361,1,-2.72523142335833,3.97984441968059,4.8234891847834,0.56499171428757,1.57875148990971,-0.011971876281844,0.217366584354454,0.217696021588889,0.0549935464803877,28.9059393643218,0.127976095215675,18.8139928984461
11,41,25.6802721088435,22.4106369820656,2800,0.427,-1.23258503401361,1,-2.72523142335833,3.97984441968059,4.8234891847834,0.56499171428757,1.57875148990971,-0.011971876281844,0.217366584354454,0.217696021588889,0.0549935464803877,28.9059393643218,0.182152642190311,18.7671759080221
12,41,25.6802721088435,22.4106369820656,2800,0.5,-1.23258503401361,1,-2.72523142335833,3.97984441968059,4.8234891847834,0.56499171428757,1.57875148990971,-0.011971876281844,0.217366584354454,0.217696021588889,0.0549935464803877,28.9059393643218,0.213293492026126,18.7402653544712
13,44.15,31.0374149659864,17.0534941249227,1800,0.3,-0.937942176870748,1,-3.58497742349592,4.08195186405705,5.43271517267878,0.659886872318437,1.53926001982168,-0.012649086869789,0.209908548010714,0.21028931957331,0.0601508763994993,29.9329654114842,0.127976095215675,29.2662111753607
14,44.15,31.0374149659864,17.0534941249227,1800,0.427,-0.937942176870748,1,-3.58497742349592,4.08195186405705,5.43271517267878,0.659886872318437,1.53926001982168,-0.012649086869789,0.209908548010714,0.21028931957331,0.0601508763994993,29.9329654114842,0.182152642190311,29.1933847458121
15,44.15,31.0374149659864,17.0534941249227,1800,0.5,-0.937942176870748,1,-3.58497742349592,4.08195186405705,5.43271517267878,0.659886872318437,1.53926001982168,-0.012649086869789,0.209908548010714,0.21028931957331,0.0601508763994993,29.9329654114842,0.213293492026126,29.151523884733
16,44.15,31.0374149659864,17.0534941249227,1828.6803192735,0.3,-0.937942176870748,1,-3.54722086827018,4.05819915897492,5.38996811699255,0.658115371237007,1.54826933352544,-0.0126209106830489,0.209909321003914,0.210288398231557,0.0600171516316916,29.932855183036,0.127976095215675,28.8072111677659
17,44.15,31.0374149659864,17.0534941249227,1828.6803192735,0.427,-0.937942176870748,1,-3.54722086827018,4.05819915897492,5.38996811699255,0.658115371237007,1.54826933352544,-0.0126209106830489,0.209909321003914,0.210288398231557,0.0600171516316916,29.932855183036,0.182152642190311,28.7355269199474
18,44.15,31.0374149659864,17.0534941249227,1828.6803192735,0.5,-0.937942176870748,1,-3.54722086827018,4.05819915897492,5.38996811699255,0.658115371237007,1.54826933352544,-0.0126209106830489,0.209909321003914,0.210288398231557,0.0600171516316916,29.932855183036,0.213293492026126,28.6943225885243
19,44.15,31.0374149659864,17.0534941249227,2300,0.3,-0.937942176870748,1,-3.06173294826526,3.70513362703526,4.80647727974247,0.637001439946329,1.69580531760934,-0.0121576947022946,0.209919335069585,0.210271103046831,0.0578191416991183,29.9314272556018,0.127976095215675,22.9039913546301
20,44.15,31.0374149659864,17.0534941249227,2300,0.427,-0.937942176870748,1,-3.06173294826526,3.70513362703526,4.80647727974247,0.637001439946329,1.69580531760934,-0.0121576947022946,0.209919335069585,0.210271103046831,0.0578191416991183,29.9314272556018,0.182152642190311,22.8469967575921
21,44.15,31.0374149659864,17.0534941249227,2300,0.5,-0.937942176870748,1,-3.06173294826526,3.70513362703526,4.80647727974247,0.637001439946329,1.69580531760934,-0.0121576947022946,0.209919335069585,0.210271103046831,0.0578191416991183,29.9314272556018,0.213293492026126,22.8142360837041
22,44.15,31.0374149659864,17.0534941249227,2800,0.3,-0.937942176870748,1,-2.72553729852783,3.39888033230968,4.35671218684778,0.625594985768349,1.84860444995717,-0.0116660011123413,0.209924408488454,0.210248312386046,0.0554867764689631,29.9307038777492,0.127976095215675,18.8139928984461
23,44.15,31.0374149659864,17.0534941249227,2800,0.427,-0.937942176870748,1,-2.72553729852783,3.39888033230968,4.35671218684778,0.625594985768349,1.84860444995717,-0.0116660011123413,0.209924408488454,0.210248312386046,0.0554867764689631,29.9307038777492,0.182152642190311,18.7671759080221
24,44.15,31.0374149659864,17.0534941249227,2800,0.5,-0.937942176870748,1,-2.72553729852783,3.39888033230968,4.35671218684778,0.625594985768349,1.84860444995717,-0.0116660011123413,0.209924408488454,0.210248312386046,0.0554867764689631,29.9307038777492,0.213293492026126,18.7402653544712
25,47.3,36.3945578231293,11.6963512677798,1800,0.3,-0.643299319727891,1,-3.58497275127522,3.16093153742457,4.77948928356065,0.750074440716074,1.98776380721581,-0.0126537590904847,0.197552302276265,0.197957141204284,0.0639217105960652,31.8051737933832,0.127976095215675,29.2662111753607
26,47.3,36.3945578231293,11.6963512677798,1800,0.427,-0.643299319727891,1,-3.58497275127522,3.16093153742457,4.77948928356065,0.750074440716074,1.98776380721581,-0.0126537590904847,0.197552302276265,0.197957141204284,0.0639217105960652,31.8051737933832,0.182152642190311,29.1933847458121
27,47.3,36.3945578231293,11.6963512677798,1800,0.5,-0.643299319727891,1,-3.58497275127522,3.16093153742457,4.77948928356065,0.750074440716074,1.98776380721581,-0.0126537590904847,0.197552302276265,0.197957141204284,0.0639217105960652,31.8051737933832,0.213293492026126,29.151523884733
28,47.3,36.3945578231293,11.6963512677798,1828.6803192735,0.3,-0.643299319727891,1,-3.54722032646464,3.14688237681495,4.74190264956931,0.748058445861773,1.99663811824418,-0.0126214524885913,0.197552640425952,0.197955416198161,0.0637590662129534,31.8051193526552,0.127976095215675,28.8072111677659
29,47.3,36.3945578231293,11.6963512677798,1828.6803192735,0.427,-0.643299319727891,1,-3.54722032646464,3.14688237681495,4.74190264956931,0.748058445861773,1.99663811824418,-0.0126214524885913,0.197552640425952,0.197955416198161,0.0637590662129534,31.8051193526552,0.182152642190311,28.7355269199474
30,47.3,36.3945578231293,11.6963512677798,1828.6803192735,0.5,-0.643299319727891,1,-3.54722032646464,3.14688237681495,4.74190264956931,0.748058445861773,1.99663811824418,-0.0126214524885913,0.197552640425952,0.197955416198161,0.0637590662129534,31.8051193526552,0.213293492026126,28.6943225885243
31,47.3,36.3945578231293,11.6963512677798,2300,0.3,-0.643299319727891,1,-3.06180019800184,2.91700018210358,4.22888998614015,0.72401982743383,2.15398865784386,-0.0120904449657083,0.197554444661669,0.197924069948678,0.0610862790404593,31.8048288811733,0.127976095215675,22.9039913546301
32,47.3,36.3945578231293,11.6963512677798,2300,0.427,-0.643299319727891,1,-3.06180019800184,2.91700018210358,4.22888998614015,0.72401982743383,2.15398865784386,-0.0120904449657083,0.197554444661669,0.197924069948678,0.0610862790404593,31.8048288811733,0.182152642190311,22.8469967575921
33,47.3,36.3945578231293,11.6963512677798,2300,0.5,-0.643299319727891,1,-3.06180019800184,2.91700018210358,4.22888998614015,0.72401982743383,2.15398865784386,-0.0120904449657083,0.197554444661669,0.197924069948678,0.0610862790404593,31.8048288811733,0.213293492026126,22.8142360837041
34,47.3,36.3945578231293,11.6963512677798,2800,0.3,-0.643299319727891,1,-2.72567623023228,2.69565768348899,3.8335207392952,0.711011212824009,2.33085430159191,-0.0115270694078979,0.197548620442541,0.197884640050424,0.0582514610783367,31.8057665657407,0.127976095215675,18.8139928984461
35,47.3,36.3945578231293,11.6963512677798,2800,0.427,-0.643299319727891,1,-2.72567623023228,2.69565768348899,3.8335207392952,0.711011212824009,2.33085430159191,-0.0115270694078979,0.197548620442541,0.197884640050424,0.0582514610783367,31.8057665657407,0.182152642190311,18.7671759080221
36,47.3,36.3945578231293,11.6963512677798,2800,0.5,-0.643299319727891,1,-2.72567623023228,2.69565768348899,3.8335207392952,0.711011212824009,2.33085430159191,-0.0115270694078979,0.197548620442541,0.197884640050424,0.0582514610783367,31.8057665657407,0.213293492026126,18.7402653544712
