caseID,cgIn,iyKgm2,clDeltaE,actuatorTau_s,isStable,fastModeWn,fastModeZeta,phaseMargin_deg,gainMargin_dB,gainCrossover_radps,innerNonPhugoidFrequency,bandwidthSeparationRatio,overshoot_pct,riseTime_s,settlingTime_s,peakPitchRate_degps,peakActuator_deg,peakActuatorRate_degps,peakUnsaturatedDemand_deg,peakSpeedPerturbationFraction,peakAlphaPerturbation_deg,finalAttitudeError_deg,maximumAttitudeDifferenceFromIdeal_deg
1,41,1800,0.3,0.02,1,7.26311601179736,0.708581849799392,55.1974790036712,30.0275013155078,1.04573916758688,6.93736606364781,6.63393538147406,0.886042765950097,2.91,29.72,0.329825604993823,0.572873908265978,0.199518811173707,0.572927694013007,0.0661610983766347,0.585458127687426,0.00620889877504004,0.00482939935681782
2,41,1800,0.3,0.035,1,7.51452338980626,0.703491492791182,54.4582459616424,25.9257890800555,1.04511437507645,7.31947584135966,7.00351656805431,0.946078710891277,2.88,29.7,0.331760130901107,0.572876506010513,0.190438461906444,0.572970630730912,0.0661614057976341,0.585460799572409,0.00620528487671107,0.00656705747037607
3,41,1800,0.3,0.05,1,7.81371195921356,0.687533566307018,53.7173743745122,23.5827202652661,1.04437494570711,8.07879177271914,7.73552813185233,1.01048137602096,2.86,29.69,0.333722365165952,0.57287910390685,0.183841613443462,0.573013567311851,0.0661617132367471,0.585463471613696,0.00620167075972672,0.00841957614990089
4,41,1800,0.427,0.02,1,7.25570626710458,0.709647713290046,55.1969087161458,30.097489905488,1.03371136742106,6.92213906379044,6.69639445008718,1.06927685989913,2.91,30.19,0.327857079664383,0.584051740595035,0.199581027032966,0.584106206852687,0.0658443365207796,0.596882435575288,0.00628862251911116,0.00479930119612918
5,41,1800,0.427,0.035,1,7.50748195908234,0.704767131409268,54.4627188704084,25.9978537777703,1.03309761669587,7.3036834725948,7.06969346803258,1.13195548619242,2.9,30.17,0.329763263178877,0.584054456139644,0.190549004650901,0.584149771709404,0.0658446501776,0.59688522828901,0.0062849422716695,0.00654063783186613
6,41,1800,0.427,0.05,1,7.80854996189608,0.689066264043928,53.7268974019155,23.6565180696508,1.03237251996835,8.06827575419875,7.81527558913144,1.19901630748608,2.88,30.16,0.331700546377032,0.584057171847397,0.18395811291782,0.584193336402667,0.0658449638534492,0.59688802117046,0.00628126180268312,0.00839384212057617
7,41,1800,0.5,0.02,1,7.25146108026954,0.710261105872726,55.1980396408668,30.137802519318,1.02674398344736,6.91337357816831,6.73329835832708,1.17510711026089,2.92,30.46,0.326699708391492,0.590675413452714,0.199616793524439,0.590730275974223,0.0656564712583119,0.603652181204912,0.00633507596219227,0.00478167654191231
8,41,1800,0.5,0.035,1,7.50344965746872,0.705500970502196,54.4668104491894,26.0393804368055,1.02613672406789,7.29459159722971,7.10879108615458,1.23929339102458,2.9,30.45,0.328592074693837,0.590678200283983,0.190612558954946,0.590774209287825,0.0656567886036641,0.603655047036041,0.00633135648822587,0.00652493183792018
9,41,1800,0.5,0.05,1,7.8056010716263,0.689948049853968,53.7339537095918,23.6990563825937,1.0254200065401,8.0622551975743,7.86239311321553,1.30793529010078,2.88,30.43,0.330511306868639,0.590680987284879,0.184028479408893,0.590818142420811,0.0656571059686121,0.603657913041503,0.00632763679114296,0.00837836616916912
10,41,1828.6803192735,0.3,0.02,1,7.19807590168415,0.704679648961906,55.1451240428798,30.0024459288203,1.04585720429887,6.87666641289232,6.57514848549746,0.889100696638838,2.91,29.72,0.329987531448994,0.572873899208149,0.199778745907042,0.572927684962013,0.0661610979477604,0.585458123541342,0.00620889956343991,0.00483440828110478
11,41,1828.6803192735,0.3,0.035,1,7.43925284902338,0.699420720642734,54.4059625824977,25.8945875572354,1.04523430007173,7.24288959232246,6.92944117106127,0.949249415843807,2.88,29.7,0.331926289864466,0.572876496957718,0.190804669943725,0.572970621690072,0.0661614053689883,0.585460795428766,0.00620528566466268,0.00657304846086412
12,41,1828.6803192735,0.3,0.05,1,7.72374696851306,0.683788634831879,53.6651603565873,23.5467946057638,1.04449668070058,7.94599058218036,7.60748284700214,1.01377432377907,2.86,29.69,0.333893328351596,0.572879094859235,0.184206685913588,0.5730135582813,0.0661617128083423,0.585463467472642,0.00620167154713366,0.0084269978195044
13,41,1828.6803192735,0.427,0.02,1,7.19076960276598,0.705749412408062,55.1449135047362,30.0732668326755,1.03382488901427,6.86158366955526,6.63708500585398,1.07255692794431,2.91,30.19,0.328016969661434,0.584051731653663,0.199840119728317,0.584106197918112,0.0658443361434844,0.596882431664652,0.00628862330218002,0.00480428598537175
14,41,1828.6803192735,0.427,0.035,1,7.43231227451233,0.700696496581927,54.4107938033032,25.9674083138405,1.03321292525,7.22725961273432,6.99493728360549,1.1353548826396,2.89,30.17,0.329927273543515,0.584054447203884,0.190913851038498,0.584149762785534,0.0658446498005724,0.596885224381307,0.00628494305470159,0.00654658823347094
15,41,1828.6803192735,0.427,0.05,1,7.71858263052519,0.685315348002371,53.6750404652449,23.6215577653102,1.03248954232237,7.93476045381257,7.68507585652145,1.20258028670403,2.88,30.16,0.3318692393864,0.58405716291716,0.184345057498184,0.58419332748941,0.0658449634766736,0.596888017265597,0.00628126258555519,0.00840121854764167
16,41,1828.6803192735,0.5,0.02,1,7.18658388977464,0.7063650423416,55.1462540361389,30.1140572446458,1.02685494557564,6.85290119427864,6.67367988419923,1.17852865842855,2.92,30.46,0.326858508098337,0.590675404585834,0.199875402080373,0.590730267114113,0.0656564709114845,0.603652177439698,0.00633507674126377,0.00478662797253885
17,41,1828.6803192735,0.5,0.035,1,7.42833794978928,0.701430408246868,54.415094155832,26.0093697314198,1.02624941653474,7.21826124363426,7.03363249453301,1.24290210090989,2.9,30.45,0.328754927645157,0.590678191422749,0.190976622276799,0.590774200438437,0.0656567882570997,0.603655043273745,0.00633135726747131,0.00653086800841803
18,41,1828.6803192735,0.5,0.05,1,7.71563210715231,0.686193661706081,53.6823048256594,23.6646513203439,1.02553435894148,7.92831789436735,7.73091396230811,1.31167890837478,2.88,30.43,0.330678754511778,0.590680978429296,0.184424615450446,0.590818133582149,0.0656571056222987,0.603657909282116,0.00632763757056751,0.00838571429980827
19,41,2300,0.3,0.02,1,6.32524873130862,0.654409575455896,54.2772143617125,29.6326307158672,1.04770396714297,6.06670465110379,5.79047597542974,0.941797174775305,2.87,29.72,0.332626222213494,0.572873750356137,0.203782136140789,0.572927536222313,0.066161090899531,0.585458055406161,0.0062089125227837,0.00491560557939852
20,41,2300,0.3,0.035,1,6.46107105156152,0.647739325196985,53.5392497189313,25.4487800518432,1.0471130495232,6.27693696991452,5.99451699391267,1.00423264063566,2.85,29.7,0.334632481714555,0.572876348191252,0.195739744580123,0.572970473120011,0.0661613983248069,0.5854607273366,0.00620529861555554,0.00667024542136864
21,41,2300,0.3,0.05,1,6.60624621955707,0.63538309826099,52.7996095750597,23.0248125575876,1.04640619007752,6.58085567133669,6.28900682520731,1.07123265424774,2.83,29.69,0.336675138862828,0.572878946178722,0.189649917389557,0.573013409881119,0.0661617057682019,0.585463399423962,0.00620168448735894,0.00856649033685333
22,41,2300,0.427,0.02,1,6.31933554610058,0.655543035459505,54.2830894594162,29.7172679900921,1.03559986963089,6.05351407301314,5.84541795584691,1.12929765129142,2.88,30.19,0.330623910845275,0.584051584719124,0.203851624796369,0.584106051095283,0.065844329943209,0.596882367402003,0.0062886361782062,0.00488484564436821
23,41,2300,0.427,0.035,1,6.45549843505271,0.649036478159249,53.5501441775877,25.5341154043379,1.03501817613476,6.26340750180284,6.05149517778837,1.19444727293846,2.86,30.17,0.33260533177926,0.58405430035985,0.19583048123376,0.584149616136912,0.0658446436044555,0.596885160165113,0.00628495592865325,0.0066435123689645
24,41,2300,0.427,0.05,1,6.60162594392995,0.636865109303519,52.8155336203288,23.1111264821131,1.03432391136761,6.56804875152409,6.35008886417377,1.26417692203324,2.84,30.16,0.334617405335482,0.584057016164927,0.189766046233914,0.584193181016161,0.0658449572847272,0.596887953097097,0.00628127545563731,0.0085384356631052
25,41,2300,0.5,0.02,1,6.31595091912566,0.656195165895882,54.2879739880297,29.7659842901035,1.02858925450896,6.04592052125063,5.87787641640965,1.23758110778044,2.89,30.46,0.329449802712812,0.590675258876351,0.203891572600566,0.590730121515907,0.0656564652120376,0.603652115567576,0.00633508955405873,0.0048667744297842
26,41,2300,0.5,0.035,1,6.45231058899028,0.649782537116202,53.5579754839649,25.5832699942109,1.02801303628506,6.25561847340801,6.08515481089036,1.3042880148361,2.87,30.45,0.331413119787732,0.590678045806714,0.195882645965573,0.590774055017109,0.0656567825619452,0.60365498145018,0.00633137008267295,0.00662759559647787
27,41,2300,0.5,0.05,1,6.59898664411504,0.637717368963671,52.8263175991123,23.1608697352384,1.02732617846057,6.56067417690306,6.38616470061544,1.37564764897865,2.85,30.43,0.333410578704991,0.590680832908304,0.189832811895395,0.590817988339209,0.0656570999314267,0.603657847508539,0.00632765038689905,0.00852194314432269
28,41,2800,0.3,0.02,1,5.66705286986736,0.619956479759519,53.3414783297747,29.2962387017263,1.04946508198759,5.46172057809606,5.20428994907775,1.00327813077471,2.84,29.71,0.335345540090483,0.572873592452541,0.207005448358844,0.572927378437817,0.066161083422383,0.585457983130014,0.00620892627521768,0.00499818782566825
29,41,2800,0.3,0.035,1,5.75181448770247,0.61300342428869,52.6048185640917,25.0722804015052,1.04891001226537,5.60023334118785,5.33909799287055,1.06835426922092,2.82,29.7,0.337400629742896,0.572876190378502,0.199724559568088,0.572970315515495,0.0661613908519326,0.585460655106374,0.00620531235598293,0.00678845258505211
30,41,2800,0.3,0.05,1,5.83728896113057,0.602434216166525,51.8664490311748,22.6055589251828,1.0482377962665,5.77932665527138,5.51337365992293,1.13821110636911,2.8,29.68,0.33948341673617,0.572878788456838,0.194159076741425,0.573013252456396,0.0661616982995881,0.585463327239846,0.00620169821300291,0.00878517709927741
31,41,2800,0.427,0.02,1,5.66221636847272,0.62115564102279,53.3541585472342,29.395803202533,1.03729016598624,5.44991075160396,5.25398864301607,1.1951626381864,2.86,30.19,0.333313842972921,0.584051428851096,0.207063933942438,0.584105895345756,0.065844323365591,0.596882299234568,0.00628864985039478,0.00496694224546184
32,41,2800,0.427,0.035,1,5.74730230848922,0.614341436625607,52.6224971236898,25.1708615458119,1.03674239223591,5.58819510099636,5.39014816298241,1.26302660110387,2.83,30.17,0.335340336207769,0.584054144589281,0.199819992921434,0.584149460573577,0.0658446370312765,0.596885092048451,0.0062849695958094,0.00676030617586831
33,41,2800,0.427,0.05,1,5.83345015959726,0.603922076526412,51.8891392609234,22.7038245066936,1.03608091486333,5.76754990673897,5.56669833793801,1.33571046057552,2.81,30.15,0.337398556075448,0.584056860492452,0.194277211150107,0.584193025639463,0.0658449507159552,0.596887885031905,0.00628128911494663,0.00875201627931819
34,41,2800,0.5,0.02,1,5.65945103396817,0.62184534259633,53.3630024820566,29.4530721530937,1.03023946340956,5.44311191601828,5.28334635717057,1.30595826542835,2.85,30.46,0.332119676980153,0.590675104308434,0.207097555451375,0.590729967066068,0.0656564591657562,0.603652049936159,0.00633510316508684,0.00494858976186853
35,41,2800,0.5,0.035,1,5.74472427508334,0.615110760811087,52.6342754734275,25.2276252297672,1.02969608720052,5.58126455525026,5.42030277149474,1.37545418537629,2.84,30.44,0.3341323251399,0.590677891339498,0.19987485783857,0.590773900756441,0.0656567765201808,0.603654915871728,0.0063313836938915,0.00674355624517107
36,41,2800,0.5,0.05,1,5.83125998526658,0.604777391013905,51.903859644757,22.7604477455186,1.02904097916838,5.76076863487327,5.59819166728312,1.44979486410862,2.82,30.43,0.336174407021781,0.590680678543195,0.194345129371004,0.590817834268965,0.0656570938941661,0.603657781984413,0.00632766399596953,0.00873244229138103
37,44.15,1800,0.3,0.02,1,6.65843804674154,0.764560020001339,56.391357224666,29.9138939834067,1.17837916651495,6.39996317263181,5.43115777543797,0,2.83,22.43,0.347798165755947,0.432831562619086,0.199476412504207,0.432871549997938,0.0665705311597939,0.581257545135153,0.0046180590144133,0.00516274967429961
38,44.15,1800,0.3,0.035,1,6.89361638982869,0.762670082221415,55.5995352770621,25.7447697221479,1.1775614475343,6.76588421709932,5.74567402088987,0,2.81,22.42,0.349971283895369,0.432833057888564,0.190283983993726,0.432903035577839,0.0665707672955723,0.581259570484749,0.00461534126520205,0.00684872786828885
39,44.15,1800,0.3,0.05,1,7.20585366414493,0.752388237744206,54.8060975951534,23.3286418236075,1.17658513111886,7.72011145907654,6.56145590734705,0,2.79,22.41,0.35218216466407,0.432834553222883,0.183640714252834,0.432934521030828,0.0665710034420095,0.58126159592307,0.00461262338725963,0.00871290328572963
40,44.15,1800,0.427,0.02,1,6.65257369683411,0.765412379127711,56.4144811059207,29.9694053521928,1.16830989359401,6.38725658358022,5.46709106770589,0,2.84,22.82,0.346348092440565,0.439178432109051,0.199534253700854,0.439218787429032,0.0663377930234789,0.589781817787038,0.00466124364934222,0.0051416040805448
41,44.15,1800,0.427,0.035,1,6.88773467802148,0.763683322329277,55.6259886633003,25.8024442466627,1.16749728746694,6.75220149324141,5.78348366692253,0,2.81,22.81,0.348500336861288,0.439179978330652,0.190383785177792,0.439250599896272,0.0663380328094977,0.589783911899982,0.00465848897142062,0.00683271413276359
42,44.15,1800,0.427,0.05,1,7.20094581534333,0.753639018028073,54.8358884952073,23.3883571681476,1.16652927533496,7.71136407893142,6.61051912024852,0,2.79,22.8,0.350691976218911,0.439181524620556,0.183744951426184,0.439282412222374,0.0663382726065414,0.589786006106373,0.00465573416100904,0.00869821385933415
43,44.15,1800,0.5,0.02,1,6.64921362624805,0.7659026851073,56.4286867800013,30.0014009505259,1.16248504599356,6.37994359892008,5.48819412422397,0,2.84,23.04,0.345500177235247,0.442911105134833,0.199567505188755,0.442951673752395,0.0662008172111763,0.594795062421634,0.00468629174650717,0.00512923005297387
44,44.15,1800,0.5,0.035,1,6.8843657292685,0.76426594491369,55.6421467098327,25.8356948126981,1.16167558090074,6.74432723043834,5.80568907647084,0,2.82,23.03,0.347642062636518,0.442912681801655,0.190441163323486,0.442983676625425,0.0662010591416599,0.594797197620989,0.00468351540566503,0.00682336382749672
45,44.15,1800,0.5,0.05,1,7.1981375725716,0.754358167558174,54.854003336187,23.4227906138807,1.1607125435288,7.70638023833066,6.63935293996371,0,2.79,23.02,0.349819505062712,0.442914258539093,0.183804880496866,0.443015679348816,0.0662013010834189,0.594799332916939,0.00468073893017987,0.00868938375854685
46,44.15,1828.6803192735,0.3,0.02,1,6.59802897961707,0.76026772423057,56.3205145233956,29.8874064729462,1.17852947314095,6.34392638329125,5.38291704015154,0,2.83,22.43,0.34801820153688,0.432831555756355,0.199737421178013,0.432871543140461,0.0665705307213191,0.581257541024963,0.00461805962072144,0.00516863611206188
47,44.15,1828.6803192735,0.3,0.035,1,6.82322612265502,0.758056421285535,55.5288415815511,25.7119138772488,1.17771615900199,6.6940695462198,5.68394132580506,0,2.81,22.42,0.350195592843865,0.432833051029757,0.1906540864596,0.432903028728222,0.0665707668573709,0.581259566377091,0.00461534187081087,0.00685615913693296
48,44.15,1828.6803192735,0.3,0.05,1,7.11806059984858,0.747785662114188,54.7355481550558,23.2899883537617,1.17674412995606,7.54040093703459,6.40785090410109,0,2.79,22.41,0.352410824722148,0.432834546368065,0.183999533305147,0.432934514189132,0.066571003004095,0.581261591818039,0.00461262399221624,0.00872506275030657
49,44.15,1828.6803192735,0.427,0.02,1,6.59225417277739,0.761125300334886,56.3440005805295,29.9435520056867,1.16845566453589,6.33134383430925,5.41855718318935,0,2.83,22.82,0.346565769495187,0.439178425404288,0.199794480542918,0.439218780729428,0.0663377926376682,0.589781813977077,0.00466124424476253,0.00514744877684991
50,44.15,1828.6803192735,0.427,0.035,1,6.81744723840356,0.759072391188217,55.5556557923585,25.7701769412363,1.16764729250067,6.68055717422022,5.72138283292119,0,2.81,22.81,0.348722313307015,0.439179971629887,0.190752660564738,0.439250593204529,0.0663380324239559,0.589783908092607,0.00465848956612113,0.00684011719301814
51,44.15,1828.6803192735,0.427,0.05,1,7.11319818598896,0.749031787597453,54.7656987775091,23.3501110879117,1.16668340132262,7.53007562679909,6.45425795743946,0,2.79,22.8,0.350918315467462,0.43918151792395,0.184102522437778,0.439282405538651,0.0663382722212956,0.5897860023018,0.00465573475502116,0.00871030043917928
52,44.15,1828.6803192735,0.5,0.02,1,6.58894558070379,0.761618600052876,56.3584168139819,29.9759122080658,1.16262823560014,6.3241022030179,5.43948788561242,0,2.84,23.04,0.345716413763086,0.442911098526691,0.199827282510735,0.442951667149352,0.0662008168562512,0.594795058793382,0.00468629233518292,0.00513505038240431
53,44.15,1828.6803192735,0.5,0.035,1,6.8141373871873,0.759656578949488,55.5720235971291,25.8037662488945,1.16182290821724,6.67278089142971,5.74337176882558,0,2.82,23.03,0.347862763276411,0.442912675197775,0.190809333048398,0.442983670030464,0.0662010587870336,0.594797193995647,0.00468351599363887,0.00683077671029559
54,44.15,1828.6803192735,0.5,0.05,1,7.11041599390451,0.749748243790363,54.7840227147095,23.3847791512185,1.16086389781606,7.52415375055154,6.48151240184723,0,2.79,23.02,0.350044495505829,0.442914251939356,0.184161733772763,0.443015672761811,0.0662013007290734,0.594799329294347,0.00468073951740449,0.00870142655398593
55,44.15,2300,0.3,0.02,1,5.78663185349137,0.704995566396672,55.1444167436747,29.4926826275394,1.18079134021717,5.59642531530161,4.73955484317182,0,2.8,22.44,0.351740813236281,0.432831442977324,0.203731113359627,0.432871430447776,0.0665705235156554,0.581257473480153,0.00461806958451706,0.00526234192322102
56,44.15,2300,0.3,0.035,1,5.91040743718199,0.699873472897876,54.3551791651707,25.2372270131905,1.18005268165754,5.79445491646345,4.91033578969067,0,2.77,22.43,0.353976065054509,0.432832938315192,0.195635930767151,0.432902916164683,0.0665707596562208,0.581259498873935,0.00461535182340417,0.00699013045192327
57,44.15,2300,0.3,0.05,1,6.05081690843754,0.690029726741283,53.5642413491339,22.7399529613397,1.17915335654269,6.10023946420062,5.17340635155945,0,2.75,22.42,0.356243155718639,0.432834433717922,0.189464709320029,0.432934401754631,0.0665709958074511,0.581261524356463,0.00461263393368078,0.00897069109997665
58,44.15,2300,0.427,0.02,1,5.78205911515341,0.705933438960678,55.1740493185333,29.5594090464168,1.17064705403055,5.58545815826599,4.77125717699046,0,2.79,22.83,0.350241774080522,0.439178315220669,0.203795059078249,0.439218670630581,0.0663377862973899,0.589781751365403,0.00466125402932176,0.00524084676398581
59,44.15,2300,0.427,0.035,1,5.90595319432476,0.700941163074838,54.3881215925129,25.3052572256582,1.16991044135242,5.78298749671383,4.94310273017882,0,2.78,22.82,0.352457938317241,0.439179861513425,0.195717876246197,0.439250483236334,0.0663380260883162,0.589783845525357,0.00465849933903953,0.00697339581076272
60,44.15,2300,0.427,0.05,1,6.04687730102578,0.691258207950408,53.6005059229116,22.8093375673038,1.16901642632127,6.08878345013334,5.20846697534771,0,2.76,22.81,0.35470459024206,0.439181407874487,0.189567994004687,0.43928229570088,0.066338265890273,0.589785939778753,0.00465574451642575,0.00895228521074988
61,44.15,2300,0.5,0.02,1,5.77944173508416,0.706472770580863,55.1920374472656,29.5978489462549,1.16477953928388,5.57914589131708,4.78987284988469,0,2.8,23.05,0.349366818388936,0.442910989930874,0.203831820195238,0.442951558637333,0.0662008110235474,0.594794999167891,0.0046863020088525,0.005228260381566
62,44.15,2300,0.5,0.035,1,5.90340479957772,0.701554957566478,54.4080503212356,25.3444663212012,1.16404433725606,5.77638755781705,4.96234324839674,0,2.79,23.04,0.351570537671792,0.442912566670539,0.195764986577182,0.442983561649785,0.066201052959011,0.59479713441599,0.00468352565541,0.00696345835042518
63,44.15,2300,0.5,0.05,1,6.04462535326705,0.691964301620771,53.6223821048999,22.8493406360259,1.16315360842077,6.08218869068126,5.22905027044463,0,2.76,23.03,0.353806326209228,0.442914143480817,0.189627374548976,0.44301556451252,0.0662012949057545,0.594799269760676,0.00468074916737676,0.0089415368601191
64,44.15,2800,0.3,0.02,1,5.17343811738477,0.667140930187013,53.8737585347509,29.1271172435609,1.18274651863025,5.03830712037111,4.25983677906407,0,2.76,22.45,0.356185594785828,0.432831323334878,0.206968263062608,0.432871310896933,0.0665705158715023,0.581257401824714,0.00461808015448564,0.00535873091706015
65,44.15,2800,0.3,0.035,1,5.24895550429676,0.661064465836156,53.0870554326141,24.8267387174612,1.18209146870048,5.16791788379955,4.37184263708531,0,2.73,22.44,0.358488006913569,0.432832818741063,0.199615883647412,0.432902796750778,0.066570752016845,0.581259427262573,0.00461536238166115,0.00716648587634068
66,44.15,2800,0.3,0.05,1,5.32831043978919,0.651888540235262,52.2985686092768,22.2848338100983,1.18127382335537,5.3418002263869,4.52206772110948,0,2.71,22.43,0.360823613963808,0.432834314212133,0.193979365330769,0.432934282477619,0.066570988172853,0.58126145278918,0.00461264448038202,0.00929856168373808
67,44.15,2800,0.427,0.02,1,5.1697964572501,0.66815617048503,53.9102900996729,29.2053907319295,1.17253652708841,5.02850767222501,4.28857230120718,0,2.76,22.83,0.354611048592825,0.439178198331513,0.207022095406863,0.439218553831357,0.066337779571288,0.589781684943268,0.00466126440879201,0.00533691770345129
68,44.15,2800,0.427,0.035,1,5.24547960645164,0.66219223144103,53.126886419923,24.9052217006269,1.17188028364262,5.15780016069618,4.40130295960258,0,2.74,22.82,0.356890541859522,0.439179744695328,0.199701454910743,0.439250366575531,0.066338019367111,0.589783779150086,0.00465850970638113,0.00714781850006268
69,44.15,2800,0.427,0.05,1,5.32523130979494,0.653145427830695,52.3417159165996,22.363791443245,1.17106479060288,5.33161030204513,4.55278849200167,0,2.72,22.81,0.359202578275109,0.439181291127486,0.194083839807373,0.439282179178465,0.0663382591739708,0.589785873450375,0.00465575487182437,0.00927592826072637
70,44.15,2800,0.5,0.02,1,5.16771461260063,0.668739765440241,53.9322844697396,29.2504585035603,1.16663169144473,5.02286732711558,4.3054439236906,0,2.77,23.06,0.35369050240741,0.442910874726184,0.207053041811898,0.44295144352154,0.0662008048359187,0.594794935913737,0.00468631227048996,0.00532413557982921
71,44.15,2800,0.5,0.035,1,5.24349377107776,0.662840334311897,53.1508147520739,24.9504417069902,1.16597503075423,5.15197678861704,4.41859958637743,0,2.74,23.05,0.355959856054259,0.4429124515387,0.199750649701937,0.442983446673428,0.0662010467763698,0.594797071210585,0.00468353590462362,0.00713690439640869
72,44.15,2800,0.5,0.05,1,5.32347409708873,0.653867585805947,52.3675876644511,22.4093079847498,1.16516104225102,5.32574468141223,4.57082282044308,0,2.72,23.04,0.358255675068312,0.442914028421701,0.194143903930244,0.443015449675395,0.0662012887280868,0.594799206603829,0.00468075940438619,0.00926250032185083
73,47.3,1800,0.3,0.02,1,5.94635507071658,0.842006983260474,56.2537536553502,29.7947442962008,1.35899469186431,5.81207507147018,4.27674596984406,0,2.77,13.01,0.373184928901748,0.294778686658058,0.199433949306527,0.294805466279958,0.0669728028230584,0.577105345745736,0.0030940760905886,0.00555097734098098
74,47.3,1800,0.3,0.035,1,6.15949132936156,0.844518092585716,55.4121001156756,25.5508002801195,1.35814365021671,5.28999661636711,3.89501995280324,0,2.76,13.04,0.375724100762795,0.294779382914801,0.190132975601058,0.294826247137808,0.0669729659165471,0.577106726388505,0.003092236205814,0.00716520822844245
75,47.3,1800,0.3,0.05,1,6.48140300702503,0.84344185890295,54.5687359526365,23.0542761361097,1.35706661343653,4.76620351529571,3.51213674266597,0,2.74,13.08,0.378315201320073,0.294780079192,0.183438721558151,0.294847027917271,0.0669731290150464,0.57710810707245,0.00309039626128831,0.00909019346278611
76,47.3,1800,0.427,0.02,1,5.94205031730468,0.842568429636543,56.2860600682734,29.8348897496753,1.35140262661838,5.80230117640752,4.29353995775978,0,2.77,13.29,0.372226447070483,0.29770672137568,0.199487407117422,0.297733662275411,0.0668185811926133,0.582838678820854,0.00311304194713888,0.00553842755233868
77,47.3,1800,0.427,0.035,1,6.15482426426802,0.845173934912974,55.4460894372192,25.592794296583,1.35054400150532,5.24727101811199,3.88530178377258,0,2.76,13.34,0.374750979239432,0.297707433691158,0.190217896084476,0.297754580143483,0.0668187460154886,0.582840091137296,0.00311118541958453,0.00715807653862158
78,47.3,1800,0.427,0.05,1,6.47660402242198,0.844268142076046,54.6044281623432,23.0979961763402,1.34946208039907,4.74172618412561,3.5137898670879,0,2.74,13.39,0.377322798676202,0.297708146027863,0.183530607088767,0.297775497928037,0.0668189108434977,0.582841503496448,0.00310932883119253,0.00908393138918154
79,47.3,1800,0.5,0.02,1,5.93958298985609,0.842891264515013,56.3051448360645,29.8580446062917,1.34701693892788,5.79667770386315,4.3033443280059,0,2.78,13.47,0.371667792662675,0.299416075447476,0.199518138605794,0.299443109500365,0.0667284983520556,0.586185744059951,0.00312400110202028,0.00553110743991021
80,47.3,1800,0.5,0.035,1,6.15214985556545,0.84555090432335,55.4661589057604,25.6170178505365,1.34615414537646,5.2233610745477,3.88021022145792,0,2.76,13.52,0.374181834584507,0.299416797239528,0.19026906537703,0.299464106705754,0.06672866418396,0.586187175066966,0.00312213488067596,0.00715386515929659
81,47.3,1800,0.5,0.05,1,6.47385419914658,0.844742859286917,54.6254935823315,23.1232171868966,1.34506961094474,4.72772483575949,3.51485514005396,0,2.74,13.58,0.376749575766674,0.299417519053529,0.183583434260111,0.29948510382481,0.0667288300211331,0.586188606118125,0.00312026859781374,0.00908028995208648
82,47.3,1828.6803192735,0.3,0.02,1,5.89113405040206,0.837183701104065,56.1514669500871,29.7666899264711,1.35912097138331,5.76115117787479,4.23888034926802,0,2.77,13.01,0.373563295787509,0.29477868197568,0.199696034457211,0.294805461601228,0.066972802375374,0.577105341673275,0.00309407651192901,0.00555763192003009
83,47.3,1828.6803192735,0.3,0.035,1,6.09475035491313,0.839160405756719,55.3100755563852,25.5160089913299,1.35828164759016,5.50666876159206,4.05414353596096,0,2.76,13.05,0.376110229385013,0.294779378235209,0.190502914596406,0.294826242464597,0.066972965469152,0.577106722318658,0.00309223662665983,0.00717593753477574
84,47.3,1828.6803192735,0.3,0.05,1,6.39581950734486,0.837473119134416,54.4669597224924,23.0131718840286,1.35721612562805,4.83104612388305,3.55952602732854,0,2.74,13.09,0.378711406641516,0.294780074515183,0.183802605560796,0.294847023249566,0.0669731285679387,0.577108103005197,0.00309039668164612,0.00911078373017475
85,47.3,1828.6803192735,0.427,0.02,1,5.88690377048048,0.837752018016447,56.1840864670968,29.8072510924686,1.35152546662281,5.75147693263562,4.25554462322298,0,2.77,13.3,0.372600797059512,0.297706716846829,0.199748770895143,0.297733657750101,0.0668185807987734,0.582838675109649,0.00311304235614648,0.00554505494804638
86,47.3,1828.6803192735,0.427,0.035,1,6.0901860097691,0.839822778330293,55.3443789209324,25.5583900016793,1.35067828631697,5.44603283729892,4.03207254641604,0,2.76,13.34,0.375134833685278,0.297707429165284,0.190590826201729,0.297754575623803,0.066818745621968,0.582840087429038,0.0031111858281232,0.0071687506013898
87,47.3,1828.6803192735,0.427,0.05,1,6.39114866260444,0.83830059856493,54.5029673056714,23.0572721449844,1.34960761194542,4.80498389860214,3.56028215614158,0,2.74,13.4,0.377716614591141,0.29770814150494,0.183893393849385,0.297775493413957,0.0668189104502897,0.582841499791085,0.00310932923922112,0.00910424285820741
88,47.3,1828.6803192735,0.5,0.02,1,5.88447925713613,0.838078796294052,56.2033529913903,29.8306453987152,1.34713781785573,5.74591075903245,4.26527314642415,0,2.77,13.47,0.372040869300828,0.299416071010272,0.1997790876274,0.299443105066639,0.0667284979895974,0.586185740563672,0.00312400150365874,0.00553771889827123
89,47.3,1828.6803192735,0.5,0.035,1,6.0875706078457,0.840203496577865,55.3646306486029,25.5828373172975,1.34628631357838,5.41318606872641,4.02082826968534,0,2.75,13.53,0.374564353403383,0.299416792805422,0.19064136813603,0.29946410227773,0.0667286638218414,0.586187171573848,0.00312213528180831,0.00716452137560506
90,47.3,1828.6803192735,0.5,0.05,1,6.38847248885216,0.838776008082888,54.5242157107584,23.0827124216801,1.34521287319871,4.7900915938884,3.56084281478686,0,2.74,13.59,0.377139927133347,0.299417514622259,0.183945590022907,0.299485099402222,0.0667288296592932,0.586188602627654,0.00312026899845867,0.00910053307937895
91,47.3,2300,0.3,0.02,1,5.14792447690744,0.775146516228927,54.4551445629551,29.3445496585577,1.3606668757685,5.082078737656,3.73499114894352,0,2.74,13.13,0.380297225009895,0.294778605026333,0.203680005222821,0.294805384711844,0.0669727950180956,0.577105274746131,0.00309408343613053,0.0056646459358743
92,47.3,2300,0.3,0.035,1,5.2561697293521,0.772150061311179,53.6177936376906,25.0080783841341,1.36002373342001,5.26576614769728,3.87181930601727,0,2.71,13.19,0.383046215778292,0.294779301332633,0.19553178898769,0.294826165666894,0.0669729581168475,0.577106655436379,0.00309224354280342,0.00737388610892022
93,47.3,2300,0.3,0.05,1,5.38730953139874,0.765949365974677,52.7784972669351,22.4263622852569,1.35915158726718,5.57111111958423,4.09896230249487,0,2.69,13.25,0.385865041541601,0.29477999765939,0.189278557003482,0.294846946543503,0.0669731212206096,0.577108036167794,0.00309040358974668,0.00948203620611911
94,47.3,2300,0.427,0.02,1,5.14469302064827,0.775815894885862,54.4930618799149,29.3920859079603,1.35302154547061,5.07368913710066,3.74989530217417,0,2.74,13.44,0.379270756145884,0.297706642422474,0.203738395870338,0.297733583383947,0.0668185743267713,0.582838614123016,0.00311304907788105,0.00565194116652675
95,47.3,2300,0.427,0.035,1,5.25286039988223,0.772906493786387,53.657420624024,25.0570664839825,1.35236599541599,5.25675897213742,3.88708307511122,0,2.71,13.5,0.382001920372437,0.29770735478889,0.195604906482205,0.297754501349197,0.0668187391549955,0.582840026488959,0.00311119254176087,0.00736554574995862
96,47.3,2300,0.427,0.05,1,5.38408354372661,0.766824415791878,52.8198606646739,22.4767417449086,1.35148421380668,5.56134171245829,4.11498828890783,0,2.69,13.56,0.384801312202175,0.297708067176662,0.189368910166722,0.297775419231002,0.0668189039883847,0.582841438897864,0.00310933594478276,0.00947256880980673
97,47.3,2300,0.5,0.02,1,5.14284284796,0.776200631376277,54.5154027185226,29.4194961149444,1.34860552441458,5.06886175915224,3.75859483547095,0,2.74,13.62,0.378678381823503,0.299415998092116,0.20377196335386,0.299443032205627,0.066728492033348,0.586185683109291,0.0031240081039144,0.00564452443268524
98,47.3,2300,0.5,0.035,1,5.25096621349278,0.773341147674733,53.6807608341092,25.0853197899691,1.34794305809557,5.25157703935307,3.89599323785438,0,2.72,13.69,0.381397583337655,0.299416719936104,0.195646941328854,0.29946402950835,0.0667286578706946,0.586187114167365,0.00312214187395952,0.00736066073612009
99,47.3,2300,0.5,0.05,1,5.38223777630523,0.767327093667704,52.8442153512502,22.505802411168,1.34705595737947,5.55572153048002,4.12434353602353,0,2.69,13.75,0.384183781946341,0.299417441801826,0.189420855544854,0.299485026724465,0.0667288237132602,0.586188545269158,0.003120275582512,0.00946709035611908
100,47.3,2800,0.3,0.02,1,4.58359714079779,0.732799477069082,52.6294191651496,28.9466089021374,1.36120106188045,4.57525228722452,3.36118771528431,0,2.69,13.29,0.388509609785701,0.294778523394374,0.206931025738348,0.294805303143496,0.0669727872131295,0.577105203746483,0.003094090781715,0.00577796378125303
101,47.3,2800,0.3,0.035,1,4.64731089715664,0.727937959992842,51.7957388571885,24.5574812190713,1.36077056282428,4.69465547833084,3.44999782225379,0,2.66,13.36,0.39159616836019,0.294779219750136,0.199506859537025,0.294826084195652,0.0669729503171226,0.577106584484016,0.00309225087983338,0.00761704175190322
102,47.3,2800,0.3,0.05,1,4.71737163967629,0.720723788291788,50.9598905816415,21.9246240275914,1.36010922726876,4.86117982298824,3.57410987700597,0,2.64,13.43,0.394798269433265,0.294779916126487,0.193798766454353,0.294846865169443,0.0669731134261559,0.577107965262975,0.0030904109182291,0.00989788657587337
103,47.3,2800,0.427,0.02,1,4.58114848691069,0.733560927624491,52.6732111750894,29.0018484482683,1.35351734759204,4.56777866527318,3.3747470421413,0,2.69,13.61,0.38741033893989,0.297706563468937,0.206980196451945,0.297733504492152,0.0668185674609004,0.582838549424922,0.00311305620866377,0.0057650506825472
104,47.3,2800,0.427,0.035,1,4.6448868751019,0.728780019625918,51.8412901908114,24.6136241457272,1.35306957645274,4.68680268625879,3.46382977477471,0,2.66,13.67,0.390470348667425,0.297707275886357,0.199582526951714,0.297754422554646,0.0668187322944914,0.582839961840502,0.00311119966395371,0.00760726835654455
105,47.3,2800,0.427,0.05,1,4.71508504259377,0.721664373475463,51.0072346101448,21.9817117525574,1.35239378286559,4.85294871053672,3.58841394571766,0,2.64,13.73,0.393642613171398,0.297707988325021,0.193889491289304,0.297775340533525,0.0668188971332218,0.58284137429882,0.0031093430583889,0.00988565069990107
106,47.3,2800,0.5,0.02,1,4.57974855523349,0.73399836704748,52.69895920914,29.0336902907506,1.34907955103652,4.56347818020339,3.38266055303945,0,2.69,13.79,0.386773913093734,0.299415920736522,0.207008462949441,0.299442954910654,0.0667284857146333,0.586185622158556,0.00312401510583715,0.00575750567260779
107,47.3,2800,0.5,0.035,1,4.64350168329664,0.72926365759666,51.8680652831448,24.6459980843182,1.34862209260504,4.68228446487461,3.4719025370778,0,2.67,13.84,0.389818733898798,0.299416642632247,0.199626027706086,0.299463952310512,0.0667286515573784,0.586187053267309,0.00312214886727132,0.00760147858408041
108,47.3,2800,0.5,0.05,1,4.71377929597543,0.722204482747071,51.0350556396591,22.0146395902152,1.34793823324169,4.84821296086318,3.59676195933962,0,2.64,13.9,0.392974258825552,0.299417364549948,0.193941649931817,0.299484949623947,0.0667288174053976,0.586188484420249,0.0031202825672186,0.00987842472384523
