caseID,sideForceScale,rollMomentScale,yawMomentScale,rudderEffectivenessScale,inertiaScale,IxzNormalized,initialYawRateIntegralRatio,initialBetaIntegralRatio,peakInitialActuatorPosition_deg,peakInitialActuatorRate_degps
1,0.8,0.8,0.8,0.8,0.8,-0.1,0.744243024577726,0.660025950329617,0.962004599886468,14.4418798589245
2,0.8,0.8,0.8,0.8,0.8,0,0.709629159041002,0.610893996382181,0.973504903094704,14.4905866426825
3,0.8,0.8,0.8,0.8,0.8,0.1,0.668191726679514,0.560275625588861,0.983996453092265,14.5325201991149
4,0.8,0.8,0.8,0.8,1,-0.1,0.757642246184108,0.644545826536401,0.993508233620074,14.5269736866252
5,0.8,0.8,0.8,0.8,1,0,0.716524403689384,0.587576397542194,1.00498018758911,14.5669766735363
6,0.8,0.8,0.8,0.8,1,0.1,0.667196909223722,0.531877576473282,1.01461089272824,14.6014067656651
7,0.8,0.8,0.8,0.8,1.2,-0.1,0.769471271039248,0.639263376111834,1.0164496995538,14.5840955660577
8,0.8,0.8,0.8,0.8,1.2,0,0.722239347472232,0.578252236314987,1.02665151628481,14.6180233155482
9,0.8,0.8,0.8,0.8,1.2,0.1,0.664916191388073,0.514302091103864,1.03619635448662,14.6472187892937
10,0.8,0.8,0.8,1,0.8,-0.1,0.71287079598945,0.6393235810915,0.950759754012318,14.4317602645659
11,0.8,0.8,0.8,1,0.8,0,0.677836857478705,0.590184322080053,0.962522375553228,14.4808367580231
12,0.8,0.8,0.8,1,0.8,0.1,0.636383711394662,0.539960557816971,0.972310253401417,14.5229595908081
13,0.8,0.8,0.8,1,1,-0.1,0.727155478759521,0.623750368719949,0.982130991898552,14.518848372324
14,0.8,0.8,0.8,1,1,0,0.685707604585588,0.563944261375437,0.993883700318943,14.5591549389607
15,0.8,0.8,0.8,1,1,0.1,0.63658589217389,0.505031528733436,1.00363749478374,14.5937413256429
16,0.8,0.8,0.8,1,1.2,-0.1,0.740004522476147,0.611783345608669,1.00682303629892,14.577307908571
17,0.8,0.8,0.8,1,1.2,0,0.692603951173844,0.548159336684626,1.01728472958716,14.6114930694507
18,0.8,0.8,0.8,1,1.2,0.1,0.635730122551795,0.483270182603794,1.02596151852803,14.6408215511682
19,0.8,0.8,0.8,1.2,0.8,-0.1,0.685947484142149,0.623227616792613,0.93956739918978,14.4216420300603
20,0.8,0.8,0.8,1.2,0.8,0,0.650830981778487,0.574258421014542,0.95158908881951,14.4710881302692
21,0.8,0.8,0.8,1.2,0.8,0.1,0.609616397925005,0.524450350437161,0.961487395709091,14.5134001874084
22,0.8,0.8,0.8,1.2,1,-0.1,0.700552255373583,0.606735128462624,0.972121600826625,14.5107239311729
23,0.8,0.8,0.8,1.2,1,0,0.659065761542281,0.547370159949936,0.982836923412368,14.55133401069
24,0.8,0.8,0.8,1.2,1,0.1,0.61031537099748,0.488117073355883,0.992712164914183,14.5860766581059
25,0.8,0.8,0.8,1.2,1.2,-0.1,0.713972055125838,0.593018231950939,0.997233704595532,14.5705208587618
26,0.8,0.8,0.8,1.2,1.2,0,0.666621794693833,0.527731871015828,1.00795280790438,14.6049633841605
27,0.8,0.8,0.8,1.2,1.2,0.1,0.610317412718228,0.462306921552658,1.01674719495616,14.6344248501104
28,0.8,0.8,1,0.8,0.8,-0.1,0.761649694904943,0.693287986878865,0.940249172421143,14.356501356517
29,0.8,0.8,1,0.8,0.8,0,0.731068224945503,0.650743215710015,0.951707009597658,14.4057689070581
30,0.8,0.8,1,0.8,0.8,0.1,0.695585433879356,0.6088419630486,0.961071918145819,14.4467669131614
31,0.8,0.8,1,0.8,1,-0.1,0.771632356028707,0.675867326485042,0.972893817397947,14.4583151454655
32,0.8,0.8,1,0.8,1,0,0.735470718497741,0.625445711679324,0.984344122738949,14.4988134696458
33,0.8,0.8,1,0.8,1,0.1,0.693103851390542,0.578435614694622,0.993684237180073,14.5325034313221
34,0.8,0.8,1,0.8,1.2,-0.1,0.780670422246245,0.66583527615268,0.998930881297154,14.5266824729223
35,0.8,0.8,1,0.8,1.2,0,0.738846621609581,0.613408475236474,1.00914137777212,14.5610497874068
36,0.8,0.8,1,0.8,1.2,0.1,0.690424788224116,0.562368657299531,1.01746215392395,14.5896333713987
37,0.8,0.8,1,1,0.8,-0.1,0.731822243510684,0.672749829638756,0.929182296610614,14.3464161648312
38,0.8,0.8,1,1,0.8,0,0.700451026616109,0.629814985022741,0.940899048549351,14.3960524807382
39,0.8,0.8,1,1,0.8,0.1,0.664466619785244,0.587868949851738,0.95037795853057,14.4372400734573
40,0.8,0.8,1,1,1,-0.1,0.742712427594135,0.655359838917934,0.96351760528723,14.4502120907309
41,0.8,0.8,1,1,1,0,0.705843997942033,0.604463770695897,0.973795806022785,14.49101337267
42,0.8,0.8,1,1,1,0.1,0.663190929348039,0.553956038077866,0.982872629867493,14.5248598252965
43,0.8,0.8,1,1,1.2,-0.1,0.752795919470832,0.641182415383759,0.989420014081925,14.5199104260593
44,0.8,0.8,1,1,1.2,0,0.710445730399704,0.583272707161471,0.999887824666754,14.5545347113356
45,0.8,0.8,1,1,1.2,0.1,0.661926350393119,0.529793052176637,1.00832856244545,14.5832514390435
46,0.8,0.8,1,1.2,0.8,-0.1,0.706325700002066,0.656913160537704,0.918167207266423,14.3363323290289
47,0.8,0.8,1,1.2,0.8,0,0.674519367913483,0.613786840805927,0.930139659243459,14.3863373075914
48,0.8,0.8,1,1.2,0.8,0.1,0.638324992971472,0.571863474428059,0.939730999622552,14.4277144349483
49,0.8,0.8,1,1.2,1,-0.1,0.717475494578924,0.63856729324819,0.954492664836942,14.4421099070862
50,0.8,0.8,1,1.2,1,0,0.680219742838451,0.587688460695698,0.965007561446028,14.4832140800632
51,0.8,0.8,1,1.2,1,0.1,0.637487244052635,0.53753227197372,0.973423020391923,14.5172169898314
52,0.8,0.8,1,1.2,1.2,-0.1,0.728150602799798,0.624356559214781,0.979946099031848,14.5131389856665
53,0.8,0.8,1,1.2,1.2,0,0.685488049309321,0.565034811008859,0.990668777618397,14.5480201949377
54,0.8,0.8,1,1.2,1.2,0.1,0.637041724784666,0.508483223552209,0.999228268735619,14.5768700426288
55,0.8,0.8,1.2,0.8,0.8,-0.1,0.777391362670691,0.721590933752565,0.918977933055523,14.2716243973638
56,0.8,0.8,1.2,0.8,0.8,0,0.749202247139088,0.683078441381067,0.930403826548129,14.321464182336
57,0.8,0.8,1.2,0.8,0.8,0.1,0.718386333523178,0.647271943471788,0.939483012249434,14.3615571743319
58,0.8,0.8,1.2,0.8,1,-0.1,0.784732042384835,0.703021378675078,0.955031815636201,14.3899791374333
59,0.8,0.8,1.2,0.8,1,0,0.752314789979528,0.65837041793391,0.965078019956346,14.4309801442868
60,0.8,0.8,1.2,0.8,1,0.1,0.714914939755848,0.616660983758108,0.97319607301997,14.4639497998563
61,0.8,0.8,1.2,0.8,1.2,-0.1,0.791522162952825,0.689639153064061,0.981700942580254,14.4694940736423
62,0.8,0.8,1.2,0.8,1.2,0,0.754081685292727,0.644288175141835,0.991926005671658,14.5043060565216
63,0.8,0.8,1.2,0.8,1.2,0.1,0.711382325165556,0.601161344507645,1.00002499210719,14.5322916498659
64,0.8,0.8,1.2,1,0.8,-0.1,0.748789653911145,0.701209641815416,0.908548254749667,14.2615734692688
65,0.8,0.8,1.2,1,0.8,0,0.719540123423731,0.662041006224825,0.919767330357644,14.3117810756516
66,0.8,0.8,1.2,1,0.8,0.1,0.687834041640619,0.625878488207726,0.928962367184916,14.3520639570375
67,0.8,0.8,1.2,1,1,-0.1,0.757011666539097,0.682759660350584,0.946088221373875,14.3818982700565
68,0.8,0.8,1.2,1,1,0,0.72362360954419,0.637807277361985,0.956370834018193,14.4232016129209
69,0.8,0.8,1.2,1,1,0.1,0.685593600147455,0.593828573461373,0.964451730308315,14.4563279519464
70,0.8,0.8,1.2,1,1.2,-0.1,0.764879688356034,0.66740111449736,0.972304366481925,14.4627375950791
71,0.8,0.8,1.2,1,1.2,0,0.726630057323761,0.615275885155706,0.982784185637575,14.4978061082894
72,0.8,0.8,1.2,1,1.2,0.1,0.683461733071007,0.568103146863874,0.991004214990241,14.5259249788136
73,0.8,0.8,1.2,1.2,0.8,-0.1,0.724351327466485,0.68548519488887,0.900011548377054,14.2515238931014
74,0.8,0.8,1.2,1.2,0.8,0,0.694423327285056,0.645867111877117,0.910382047980136,14.302099218421
75,0.8,0.8,1.2,1.2,0.8,0.1,0.662178966273998,0.609444855392499,0.918488065775222,14.3425719372398
76,0.8,0.8,1.2,1.2,1,-0.1,0.732814328330125,0.666068196916138,0.937178045439414,14.3738182717152
77,0.8,0.8,1.2,1.2,1,0,0.698764982585312,0.620848116093959,0.947694879844918,14.4154238839934
78,0.8,0.8,1.2,1.2,1,0.1,0.660287802880719,0.576931363383013,0.955886365701719,14.4487068726781
79,0.8,0.8,1.2,1.2,1.2,-0.1,0.741286576682232,0.650744318977125,0.964659993546212,14.4559817217818
80,0.8,0.8,1.2,1.2,1.2,0,0.702446142272709,0.59865045745417,0.97401268318243,14.491306718599
81,0.8,0.8,1.2,1.2,1.2,0.1,0.658996916491545,0.548788448074339,0.982016382333281,14.5195588425776
82,0.8,1,0.8,0.8,0.8,-0.1,0.745599669350733,0.66369210959345,0.960417027674026,14.4319861185256
83,0.8,1,0.8,0.8,0.8,0,0.712981722395753,0.616348577143787,0.973203304818868,14.4900767641501
84,0.8,1,0.8,0.8,0.8,0.1,0.672871887952531,0.566147975295551,0.985185485929538,14.541627771633
85,0.8,1,0.8,0.8,1,-0.1,0.759863691534579,0.649792505542274,0.991860268734195,14.5186680244412
86,0.8,1,0.8,0.8,1,0,0.72110396224085,0.594330393801795,1.00471039715048,14.5666374469625
87,0.8,1,0.8,0.8,1,0.1,0.672709161939036,0.538356543848766,1.01587785798393,14.6091897984239
88,0.8,1,0.8,0.8,1.2,-0.1,0.772526959628447,0.646324288461333,1.01489025054823,14.5769476239563
89,0.8,1,0.8,0.8,1.2,0,0.728019660765088,0.586050954434074,1.02644432371268,14.6177815510898
90,0.8,1,0.8,0.8,1.2,0.1,0.671787502448853,0.521387862422242,1.03754678583637,14.6539944569465
91,0.8,1,0.8,1,0.8,-0.1,0.713962396497194,0.64286723726025,0.949214278075876,14.4218778093027
92,0.8,1,0.8,1,0.8,0,0.680959585486622,0.595488955975099,0.962224206864859,14.4803271047186
93,0.8,1,0.8,1,0.8,0.1,0.640873692602513,0.545646084572156,0.973442241887205,14.5320595198441
94,0.8,1,0.8,1,1,-0.1,0.72911694674235,0.628847822470589,0.980522957860281,14.5105501298147
95,0.8,1,0.8,1,1,0,0.690027400715574,0.570870204809035,0.993616780627562,14.5588158308786
96,0.8,1,0.8,1,1,0.1,0.641875800310523,0.511594853018294,1.00487955906162,14.6015192825731
97,0.8,1,0.8,1,1.2,-0.1,0.742817293578778,0.618882876563541,1.00529335639431,14.5701652201946
98,0.8,1,0.8,1,1.2,0,0.69810015682689,0.55595672553061,1.01707931578707,14.6112513749374
99,0.8,1,0.8,1,1.2,0.1,0.642310129055957,0.490234672842547,1.02720929657165,14.6475935988256
100,0.8,1,0.8,1.2,0.8,-0.1,0.686772867745273,0.626673635566309,0.938063786763056,14.4117708582772
101,0.8,1,0.8,1.2,0.8,0,0.6537139553669,0.579428618633058,0.951294337931817,14.4705787021724
102,0.8,1,0.8,1.2,0.8,0.1,0.613897119403243,0.529960449385435,0.962593968909858,14.5224924739887
103,0.8,1,0.8,1.2,1,-0.1,0.702249849203131,0.61169218880847,0.970673357309918,14.5024331074732
104,0.8,1,0.8,1.2,1,0,0.663127019101213,0.554107188771879,0.982572864821645,14.5509950210911
105,0.8,1,0.8,1.2,1,0.1,0.615368692485231,0.494772762857051,0.993929456232172,14.5938495397477
106,0.8,1,0.8,1.2,1.2,-0.1,0.716527754476958,0.600140860494692,0.99573366207892,14.563383423602
107,0.8,1,0.8,1.2,1.2,0,0.67183069546416,0.535473341416436,1.00774916797358,14.604721759588
108,0.8,1,0.8,1.2,1.2,0.1,0.61662164156404,0.469157535228791,1.01797595590348,14.6411932780915
109,0.8,1,1,0.8,0.8,-0.1,0.762788054692099,0.696586081775834,0.938648144410672,14.3465651116669
110,0.8,1,1,0.8,0.8,0,0.734054943269946,0.655594453061864,0.951336934656996,14.4051343508266
111,0.8,1,1,0.8,0.8,0.1,0.70023284463818,0.61456747196551,0.96212477961495,14.4557032725999
112,0.8,1,1,0.8,1,-0.1,0.773592965205133,0.680690286205475,0.971233246565139,14.4499806454646
113,0.8,1,1,0.8,1,0,0.739649639920192,0.631857056068764,0.984012279080758,14.4983909106527
114,0.8,1,1,0.8,1,0.1,0.698412128121554,0.584394798491429,0.994856598356938,14.5401723955457
115,0.8,1,1,0.8,1.2,-0.1,0.783414494509184,0.671904146644322,0.997360701414565,14.5195137146578
116,0.8,1,1,0.8,1.2,0,0.744085404086037,0.620693769039474,1.0088857705272,14.5607484527443
117,0.8,1,1,0.8,1.2,0.1,0.696290402985317,0.568833898468382,1.01865608811538,14.5963276689433
118,0.8,1,1,1,0.8,-0.1,0.732687403982342,0.675941860164932,0.927623626773327,14.3364912298651
119,0.8,1,1,1,0.8,0,0.703248923598425,0.634565056564113,0.940533205520916,14.395418205229
120,0.8,1,1,1,0.8,0.1,0.668994863229995,0.593448853127415,0.951406389791654,14.4461688613591
121,0.8,1,1,1,1,-0.1,0.74441741726579,0.660054112099857,0.962028654787045,14.4418850234791
122,0.8,1,1,1,1,0,0.709802951406395,0.610887361315766,0.973525631845866,14.4905909614497
123,0.8,1,1,1,1,0.1,0.668351841761801,0.560250703160503,0.984021039438856,14.5325237516649
124,0.8,1,1,1,1.2,-0.1,0.755296180123243,0.647396070385383,0.987879742247767,14.5127469292479
125,0.8,1,1,1,1.2,0,0.715437022549035,0.590735648217073,0.999634419979115,14.5542334639362
126,0.8,1,1,1,1.2,0.1,0.667596667522426,0.536301426119939,1.00950399230883,14.5899421390691
127,0.8,1,1,1.2,0.8,-0.1,0.70692656993291,0.660024067191634,0.916650662499457,14.32641870229
128,0.8,1,1,1.2,0.8,0,0.67710958560183,0.618439079079194,0.929778033567007,14.3857033127794
129,0.8,1,1,1.2,0.8,0.1,0.642683867250287,0.577308570945498,0.940735132105155,14.4366356523326
130,0.8,1,1,1.2,1,-0.1,0.71891744136734,0.643130867041442,0.953033320866455,14.4337902717178
131,0.8,1,1,1.2,1,0,0.683953331439344,0.593960227400658,0.964739759329603,14.482791816605
132,0.8,1,1,1.2,1,0.1,0.642458908725412,0.543639321685436,0.974501718377444,14.5248758788818
133,0.8,1,1,1.2,1.2,-0.1,0.73039153707304,0.63042597006336,0.978435603396678,14.5059807497997
134,0.8,1,1,1.2,1.2,0,0.690229138549199,0.572632316542359,0.990417569412882,14.5477190347961
135,0.8,1,1,1.2,1.2,0.1,0.642520966070057,0.515095190333291,1.00038527190201,14.5835571454531
136,0.8,1,1.2,0.8,0.8,-0.1,0.778322772943753,0.724544577545255,0.917365303264865,14.2616465515458
137,0.8,1,1.2,0.8,0.8,0,0.751809649746671,0.687761889308521,0.929967879285779,14.3207060485742
138,0.8,1,1.2,0.8,0.8,0.1,0.722981912108743,0.6526449631655,0.940433893911434,14.3703233407958
139,0.8,1,1.2,0.8,1,-0.1,0.78644522708718,0.707429149481555,0.953502811511762,14.3816162794675
140,0.8,1,1.2,0.8,1,0,0.756096199210196,0.664225967039958,0.964755628175976,14.4304748355816
141,0.8,1,1.2,0.8,1,0.1,0.720117103650977,0.622495141763276,0.974275963100745,14.4715052352001
142,0.8,1,1.2,0.8,1.2,-0.1,0.79396863197612,0.695273703428526,0.980120959068101,14.4623047837856
143,0.8,1,1.2,0.8,1.2,0,0.758851873018297,0.651035735793261,0.991623279302145,14.5039454965924
144,0.8,1,1.2,0.8,1.2,0.1,0.716981745117568,0.606953220515386,1.00114733059719,14.5389048965041
145,0.8,1,1.2,1,0.8,-0.1,0.749465107768849,0.704060088366555,0.907104787634967,14.2516069578488
146,0.8,1,1.2,1,0.8,0,0.722008306881088,0.666653293833483,0.919336396307103,14.3110232777849
147,0.8,1,1.2,1,0.8,0.1,0.692358454885745,0.63116463526806,0.929889915345724,14.3608226235623
148,0.8,1,1.2,1,1,-0.1,0.75847209538085,0.687047742544921,0.94458909869119,14.3735428578152
149,0.8,1,1.2,1,1,0,0.727231500353134,0.643533016033818,0.956051267358886,14.4226964811341
150,0.8,1,1.2,1,1,0.1,0.690689978501669,0.599961243582044,0.96547334962899,14.4638783872618
151,0.8,1,1.2,1,1.2,-0.1,0.767070729552805,0.673116703511531,0.97081633051707,14.455553574355
152,0.8,1,1.2,1,1.2,0,0.731187508718825,0.62250464140912,0.982484077525762,14.4974456528744
153,0.8,1,1.2,1,1.2,0.1,0.68892899885847,0.574102647838098,0.992108632071258,14.5325346503369
154,0.8,1,1.2,1.2,0.8,-0.1,0.724734000510341,0.688247853831183,0.898598548108505,14.2415687144214
155,0.8,1,1.2,1.2,0.8,0,0.696711868803831,0.650405590959914,0.91003418424071,14.3013417564194
156,0.8,1,1.2,1.2,0.8,0.1,0.666608256813713,0.614643727167806,0.919392407753816,14.351323104838
157,0.8,1,1.2,1.2,1,-0.1,0.734002539978574,0.670245431523149,0.93570867627597,14.3654703043323
158,0.8,1,1.2,1.2,1,0,0.702169479455114,0.626460312728644,0.947378130692311,14.4149189291123
159,0.8,1,1.2,1.2,1,0.1,0.665254546280672,0.582911203525229,0.956890646244412,14.4562523084991
160,0.8,1,1.2,1.2,1.2,-0.1,0.743216434107178,0.656325152156672,0.963277904857602,14.4488029696814
161,0.8,1,1.2,1.2,1.2,0,0.706780812588364,0.605704572738252,0.973769514113693,14.4909463676921
162,0.8,1,1.2,1.2,1.2,0.1,0.664326974255748,0.555111878603339,0.983102953883794,14.5261649393021
163,0.8,1.2,0.8,0.8,0.8,-0.1,0.746473076773807,0.666040490863161,0.959082538301238,14.422633588973
164,0.8,1.2,0.8,0.8,0.8,0,0.715255206978309,0.620078537365587,0.972936564824608,14.4895862014241
165,0.8,1.2,0.8,0.8,0.8,0.1,0.67624450160129,0.570434422091263,0.986151557298048,14.5502386297703
166,0.8,1.2,0.8,0.8,1,-0.1,0.761320605665682,0.653206764020624,0.990448290746432,14.5107294269799
167,0.8,1.2,0.8,0.8,1,0,0.724267144547873,0.599063265297797,1.00446848393324,14.5663086003996
168,0.8,1.2,0.8,0.8,1,0.1,0.676779794458772,0.543262836215973,1.01695496089534,14.6166319495972
169,0.8,1.2,0.8,0.8,1.2,-0.1,0.774569722026369,0.650912729091993,1.01352115265792,14.5700646654157
170,0.8,1.2,0.8,0.8,1.2,0,0.732070092913812,0.591637349843871,1.02625540216747,14.6175459910908
171,0.8,1.2,0.8,0.8,1.2,0.1,0.676796587953175,0.526967446901271,1.03871267072579,14.6605221541662
172,0.8,1.2,0.8,1,0.8,-0.1,0.714662727888549,0.645134025515228,0.947917970830205,14.4125362657216
173,0.8,1.2,0.8,1,0.8,0,0.683081892880506,0.599119329603792,0.96196063616698,14.4798367623668
174,0.8,1.2,0.8,1,0.8,0.1,0.644113829469286,0.54980836132645,0.974380034293752,14.5406629284955
175,0.8,1.2,0.8,1,1,-0.1,0.730406254050049,0.63216566562248,0.979147562511725,14.5026187931105
176,0.8,1.2,0.8,1,1,0,0.693023614296871,0.575717540262574,0.993377543246815,14.5584871007476
177,0.8,1.2,0.8,1,1,0.1,0.645793328207772,0.516580776056334,1.0059337938015,14.6089564618
178,0.8,1.2,0.8,1,1.2,-0.1,0.74470291192906,0.62349692823462,1.00395189458622,14.5632874209841
179,0.8,1.2,0.8,1,1.2,0,0.701960673254116,0.561554611188211,1.01689207020359,14.6110158838644
180,0.8,1.2,0.8,1,1.2,0.1,0.647121949685702,0.495736543337509,1.02829950071129,14.6541177381172
181,0.8,1.2,0.8,1.2,0.8,-0.1,0.687307755379598,0.628876410157623,0.936805444257614,14.4024402990414
182,0.8,1.2,0.8,1.2,0.8,0,0.655677364439356,0.582967665577771,0.951033925399059,14.4700885801749
183,0.8,1.2,0.8,1.2,0.8,0.1,0.616988822147327,0.53400072452809,0.963508664307525,14.5310884341637
184,0.8,1.2,0.8,1.2,1,-0.1,0.703365752066197,0.614917946271201,0.969419015853908,14.494509030673
185,0.8,1.2,0.8,1.2,1,0,0.665948686092568,0.558826916937052,0.982336294108789,14.5506664073837
186,0.8,1.2,0.8,1.2,1,0.1,0.619125949734824,0.499801239205354,0.994960943813781,14.601281747561
187,0.8,1.2,0.8,1.2,1.2,-0.1,0.718247367644953,0.604776650362396,0.994419711278509,14.5565107832193
188,0.8,1.2,0.8,1.2,1.2,0,0.675503162634451,0.541039609258273,1.0075635936551,14.6044863374371
189,0.8,1.2,0.8,1.2,1.2,0.1,0.621243906774018,0.47457910700242,1.01904846294929,14.6477138597707
190,0.8,1.2,1,0.8,0.8,-0.1,0.763537210666553,0.698694853349855,0.937302281224392,14.3371718713087
191,0.8,1.2,1,0.8,0.8,0,0.736007724835336,0.658971886738982,0.951009817628363,14.4045238598593
192,0.8,1.2,1,0.8,0.8,0.1,0.703580572239651,0.61877392338793,0.962992997316474,14.4641493241256
193,0.8,1.2,1,0.8,1,-0.1,0.774900893463738,0.683836606830686,0.969810387760305,14.4420141890155
194,0.8,1.2,1,0.8,1,0,0.742577062926711,0.636393264654484,0.983714856254037,14.4979812927957
195,0.8,1.2,1,0.8,1,0.1,0.702379769744032,0.588997133005845,0.995848666835085,14.5475039240748
196,0.8,1.2,1,0.8,1.2,-0.1,0.785284014667242,0.67592546054392,0.995982084766478,14.5126105309484
197,0.8,1.2,1,0.8,1.2,0,0.747829593803962,0.625976902932446,1.00865277464879,14.5604548568798
198,0.8,1.2,1,0.8,1.2,0.1,0.700831315948344,0.573982712090078,1.01969741199133,14.6027760570026
199,0.8,1.2,1,1,0.8,-0.1,0.733258105216025,0.677983499763576,0.926316183787219,14.3271089996301
200,0.8,1.2,1,1,0.8,0,0.705084241344987,0.637875524373155,0.940209998484005,14.3948079889313
201,0.8,1.2,1,1,0.8,0.1,0.672263276827752,0.597566514907506,0.952252421207055,14.454607533835
202,0.8,1.2,1,1,1,-0.1,0.745553288381902,0.663117932207361,0.960737258079835,14.4339258406071
203,0.8,1.2,1,1,1,0,0.712587910941008,0.615419776741607,0.97328144578296,14.4901814887957
204,0.8,1.2,1,1,1,0.1,0.672216704681799,0.56509689138562,0.984991126641616,14.5398503455787
205,0.8,1.2,1,1,1.2,-0.1,0.756999839259687,0.65151529442863,0.986528890978202,14.5058489124708
206,0.8,1.2,1,1,1.2,0,0.719026273010041,0.596164035791936,0.999403499131171,14.5539399540631
207,0.8,1.2,1,1,1.2,0.1,0.671995149026969,0.541515218106105,1.01052810242646,14.5963869913584
208,0.8,1.2,1,1.2,0.8,-0.1,0.70732620462259,0.661999871546571,0.915388555983739,14.3170474805508
209,0.8,1.2,1,1.2,0.8,0,0.678810442799696,0.621681534755786,0.929458722772815,14.3850933711265
210,0.8,1.2,1,1.2,0.8,0.1,0.645846582903771,0.581325500574042,0.941559100571442,14.4450669467615
211,0.8,1.2,1,1.2,1,-0.1,0.719883842944547,0.646115267799545,0.951769248416018,14.4258383615695
212,0.8,1.2,1,1.2,1,0,0.686589418892353,0.598392756932031,0.964497796638249,14.4823824891437
213,0.8,1.2,1,1.2,1,0.1,0.646189596750238,0.548360387490731,0.975427703837139,14.5321975387104
214,0.8,1.2,1,1.2,1.2,-0.1,0.731928249682344,0.634441741803313,0.977112392304634,14.4990878994523
215,0.8,1.2,1,1.2,1.2,0,0.693650874316282,0.578149373303368,0.990188717775916,14.5474256109093
216,0.8,1.2,1,1.2,1.2,0.1,0.646780523197942,0.520413291933435,1.00139224228148,14.5899984622866
217,0.8,1.2,1.2,0.8,0.8,-0.1,0.778946937970255,0.726420856126939,0.916009740695312,14.2522134765758
218,0.8,1.2,1.2,0.8,0.8,0,0.753669451637863,0.691044048267899,0.929582755532317,14.3199766981132
219,0.8,1.2,1.2,0.8,0.8,0.1,0.726288698614529,0.656585606178601,0.941211774479418,14.3786055768302
220,0.8,1.2,1.2,0.8,1,-0.1,0.787612468912808,0.710327703356464,0.952174956048454,14.3736224321904
221,0.8,1.2,1.2,0.8,1,0,0.758749076150208,0.668354468936286,0.964464257762252,14.4299850157148
222,0.8,1.2,1.2,0.8,1,0.1,0.724016705697783,0.62705084185784,0.975184964653032,14.478726668368
223,0.8,1.2,1.2,0.8,1.2,-0.1,0.795674989780121,0.699065920420242,0.978733682963983,14.4553816536678
224,0.8,1.2,1.2,0.8,1.2,0,0.762325225912231,0.655981648097603,0.991347416819846,14.5035942031418
225,0.8,1.2,1.2,0.8,1.2,0.1,0.721366336733106,0.611641496816528,1.00212325728241,14.5452742884711
226,0.8,1.2,1.2,1,0.8,-0.1,0.749915204411084,0.705865956426526,0.90587330190424,14.2421849169237
227,0.8,1.2,1.2,1,0.8,0,0.723777221318055,0.669889616990775,0.918955903539621,14.3102942559731
228,0.8,1.2,1.2,1,0.8,0.1,0.695625726425698,0.635056417082425,0.930646625142282,14.3690975506417
229,0.8,1.2,1.2,1,1,-0.1,0.759476307436336,0.689869836634463,0.943288824365975,14.3655562968379
230,0.8,1.2,1.2,1,1,0,0.729776632310801,0.647582464884627,0.955762544780915,14.4222068351076
231,0.8,1.2,1.2,1,1,0.1,0.694517805710606,0.604707204658092,0.966347983799131,14.471094923001
232,0.8,1.2,1.2,1,1.2,-0.1,0.768611088162378,0.676954961546086,0.969570556301665,14.4486356187238
233,0.8,1.2,1.2,1,1.2,0,0.734529520015286,0.627803163985782,0.982210681441243,14.4970944624146
234,0.8,1.2,1.2,1,1.2,0.1,0.693219306552865,0.579001668933321,0.993067895231375,14.5389005286205
235,0.8,1.2,1.2,1.2,0.8,-0.1,0.725008183034455,0.69000078724986,0.897394937668711,14.2321577059126
236,0.8,1.2,1.2,1.2,0.8,0,0.698361557419304,0.653589842487131,0.909723841073527,14.3006130632271
237,0.8,1.2,1.2,1.2,0.8,0.1,0.669812430479467,0.61847326566716,0.920132337626284,14.359590723958
238,0.8,1.2,1.2,1.2,1,-0.1,0.734834819134945,0.672998362515488,0.934435862131759,14.357491028801
239,0.8,1.2,1.2,1.2,1,0,0.704585254217772,0.630436205947529,0.947092048683793,14.4144294569139
240,0.8,1.2,1.2,1.2,1,0.1,0.669005765301776,0.58756526532987,0.957749257303237,14.4634639473369
241,0.8,1.2,1.2,1.2,1.2,-0.1,0.744589352951678,0.660077867682785,0.962052709761467,14.4418901880339
242,0.8,1.2,1.2,1.2,1.2,0,0.709977723454362,0.610888650083726,0.973546360650014,14.4905952802169
243,0.8,1.2,1.2,1.2,1.2,0.1,0.66851582480185,0.560230323530182,0.98404562585612,14.532527304215
244,1,0.8,0.8,0.8,0.8,-0.1,0.747557411746806,0.664972965695544,0.962062007379754,14.4419393474374
245,1,0.8,0.8,0.8,0.8,0,0.714407390582325,0.617161074295081,0.973554853740612,14.4906366495715
246,1,0.8,0.8,0.8,0.8,0.1,0.674282607872774,0.567613420912594,0.984052167322402,14.5325615998667
247,1,0.8,0.8,0.8,1,-0.1,0.761686950410128,0.651069106433976,0.993568634161672,14.5270215593608
248,1,0.8,0.8,0.8,1,0,0.722915850262952,0.594988327118837,1.00503246507444,14.5670167898078
249,1,0.8,0.8,0.8,1,0.1,0.675169354653029,0.540682376000365,1.01465570138487,14.6014398480188
250,1,0.8,0.8,0.8,1.2,-0.1,0.774161260875266,0.646115871357822,1.01650090767645,14.5841356185081
251,1,0.8,0.8,0.8,1.2,0,0.730192794698578,0.58662711330701,1.026695545221,14.6180568070538
252,1,0.8,0.8,0.8,1.2,0.1,0.675626119804498,0.525077643092802,1.03624384156686,14.6472463346443
253,1,0.8,0.8,1,0.8,-0.1,0.716090274092903,0.643871024854421,0.950816880383225,14.4318197400803
254,1,0.8,0.8,1,0.8,0,0.682446617539913,0.596009218258725,0.962572094758678,14.4808867545502
255,1,0.8,0.8,1,0.8,0.1,0.642231525142266,0.546814177737314,0.972353144241484,14.5230009833035
256,1,0.8,0.8,1,1,-0.1,0.731104104655419,0.629844438186243,0.982191104081273,14.5188962365782
257,1,0.8,0.8,1,1,0,0.691914407888255,0.572049684200036,0.993935741350488,14.5591950484821
258,1,0.8,0.8,1,1,0.1,0.644268627938461,0.514021629841545,1.00368210906473,14.5937744026299
259,1,0.8,0.8,1,1.2,-0.1,0.7446069715683,0.619011525165286,1.0068740385978,14.5773479550275
260,1,0.8,0.8,1,1.2,0,0.700332427174254,0.556468814602373,1.01732859063972,14.6115265561902
261,1,0.8,0.8,1,1.2,0.1,0.646065512138712,0.493655668587161,1.0259988276934,14.6408490927345
262,1,0.8,0.8,1.2,0.8,-0.1,0.689068624731662,0.627422885043841,0.939624245207516,14.4217014925774
263,1,0.8,0.8,1.2,0.8,0,0.655276234677079,0.579701786477629,0.951638577187505,14.4711381164351
264,1,0.8,0.8,1.2,0.8,0.1,0.615238149088173,0.530896834410018,0.961530095899227,14.5134415716481
265,1,0.8,0.8,1.2,1,-0.1,0.704404447629175,0.612447850694693,0.972168219232445,14.5107717869462
266,1,0.8,0.8,1.2,1,0,0.665081044649606,0.555038001094586,0.9828887286009,14.5513741134616
267,1,0.8,0.8,1.2,1,0.1,0.617743902502018,0.497411613668454,0.992756585305412,14.5861097297264
268,1,0.8,0.8,1.2,1.2,-0.1,0.718493757126558,0.60092189645607,0.997284501536951,14.5705608992247
269,1,0.8,0.8,1.2,1.2,0,0.674126308119879,0.536004659961321,1.00799650143601,14.6049968661341
270,1,0.8,0.8,1.2,1.2,0.1,0.620303915950677,0.472380562743926,1.01678436723143,14.6344523878926
271,1,0.8,1,0.8,0.8,-0.1,0.764439402256093,0.697267099594208,0.94031796365179,14.3565731331927
272,1,0.8,1,0.8,0.8,0,0.734683365631914,0.655336749019087,0.951768476555628,14.405831155479
273,1,0.8,1,0.8,0.8,0.1,0.700367036929242,0.614541211689939,0.9611267999071,14.4468207286304
274,1,0.8,1,0.8,1,-0.1,0.775096682662062,0.681288545321455,0.972966274289501,14.4583729296622
275,1,0.8,1,0.8,1,0,0.74061009448326,0.631903233687737,0.984408571657203,14.4988634479324
276,1,0.8,1,0.8,1,0.1,0.699526653294056,0.585285547263022,0.99374150042322,14.5325465075529
277,1,0.8,1,0.8,1.2,-0.1,0.7847598186688,0.67132268134584,0.998992397343379,14.5267308301423
278,1,0.8,1,0.8,1.2,0,0.745372233970603,0.620512063599659,1.00919578301458,14.5610915355353
279,1,0.8,1,0.8,1.2,0.1,0.698434918179888,0.570987426919835,1.01751019775039,14.5896692794216
280,1,0.8,1,1,0.8,-0.1,0.734534402882306,0.676395198476626,0.929250751084412,14.3464879258244
281,1,0.8,1,1,0.8,0,0.703971818427539,0.634050466569832,0.940960230205895,14.3961147162495
282,1,0.8,1,1,0.8,0.1,0.669070478960643,0.593164721439036,0.950432595443203,14.4372938781646
283,1,0.8,1,1,1,-0.1,0.746099956311078,0.660423769870007,0.963573799345491,14.4502698646909
284,1,0.8,1,1,1,0,0.710851961695883,0.610933930849275,0.973845649959345,14.4910633425413
285,1,0.8,1,1,1,0.1,0.669397442591229,0.561383478047367,0.982929643455888,14.5249028945238
286,1,0.8,1,1,1.2,-0.1,0.756804350427799,0.647602968328364,0.98948128296142,14.5199587760431
287,1,0.8,1,1,1.2,0,0.716803310120821,0.590727520401206,0.999942022196682,14.5545764535196
288,1,0.8,1,1,1.2,0.1,0.669690032576037,0.538347494154177,1.00837642950269,14.5832873421239
289,1,0.8,1,1.2,0.8,-0.1,0.70896629916146,0.660256991914338,0.918235325904709,14.336404074341
290,1,0.8,1,1.2,0.8,0,0.677916520448411,0.617707069238742,0.930200556342702,14.386399530194
291,1,0.8,1,1.2,0.8,0.1,0.642770996193734,0.576813643212504,0.939785392305326,14.4277682288947
292,1,0.8,1,1.2,1,-0.1,0.720797483757023,0.643306736929085,0.954548636196168,14.4421676708102
293,1,0.8,1,1.2,1,0,0.685081452972156,0.59379051384572,0.965057217884801,14.4832640415196
294,1,0.8,1,1.2,1,0.1,0.643499421068439,0.544562781627945,0.973467013882539,14.5172600520555
295,1,0.8,1,1.2,1.2,-0.1,0.732094178428495,0.630428804346964,0.980007121304481,14.5131873284144
296,1,0.8,1,1.2,1.2,0,0.691690658536243,0.573006037383892,0.990722767884888,14.5480619311774
297,1,0.8,1,1.2,1.2,0.1,0.644563539077346,0.517284102339103,0.999275959394599,14.5769059407671
298,1,0.8,1.2,0.8,0.8,-0.1,0.779784045233326,0.724834850732456,0.919057742053291,14.2717083589578
299,1,0.8,1.2,0.8,0.8,0,0.751953972733759,0.686854501290905,0.930476442189427,14.3215385697123
300,1,0.8,1.2,0.8,0.8,0.1,0.72222297653088,0.651494829220329,0.9395493130576,14.3616232987423
301,1,0.8,1.2,0.8,1,-0.1,0.787730340327269,0.707589217561848,0.955097418918677,14.3900467665568
302,1,0.8,1.2,0.8,1,0,0.756503385437071,0.663682069863552,0.965137311136376,14.431039918538
303,1,0.8,1.2,0.8,1,0.1,0.720194733268487,0.622457379823147,0.973265436619742,14.4640028018706
304,1,0.8,1.2,0.8,1.2,-0.1,0.795099711036273,0.694547104463635,0.981772524375699,14.4695506892146
305,1,0.8,1.2,0.8,1.2,0,0.75952887218572,0.65031402427128,0.991990544809264,14.5043560152187
306,1,0.8,1.2,0.8,1.2,0.1,0.718059205097728,0.607915034877408,1.00008338266148,14.5323358730901
307,1,0.8,1.2,1,0.8,-0.1,0.751142395230917,0.704164524148492,0.908608809873535,14.2616574125141
308,1,0.8,1.2,1,0.8,0,0.722210612073701,0.665509409740036,0.919839608360595,14.3118554475874
309,1,0.8,1.2,1,0.8,0.1,0.691553637345817,0.62976726410185,0.929028370981709,14.352130068198
310,1,0.8,1.2,1,1,-0.1,0.759970388850309,0.687020809686893,0.946153565074861,14.3819658871972
311,1,0.8,1.2,1,1,0,0.727699411570738,0.642778816678901,0.956429902221634,14.4232613771003
312,1,0.8,1.2,1,1,0.1,0.690724720806024,0.599921379454958,0.964505309465125,14.4563809453293
313,1,0.8,1.2,1,1.2,-0.1,0.768391572074399,0.672878185050367,0.972375660621674,14.4627942021783
314,1,0.8,1.2,1,1.2,0,0.731953062098498,0.622259127463223,0.982848478060789,14.4978560598687
315,1,0.8,1.2,1,1.2,0.1,0.68995073551107,0.575049515122901,0.991062390025665,14.5259691959425
316,1,0.8,1.2,1.2,0.8,-0.1,0.726624568511674,0.688177813792419,0.900071862360658,14.2516078179995
317,1,0.8,1.2,1.2,0.8,0,0.697017863887834,0.649057312279337,0.910436774238612,14.3021735749175
318,1,0.8,1.2,1.2,0.8,0.1,0.665757880970164,0.613039820915131,0.918553773313073,14.3426380351515
319,1,0.8,1.2,1.2,1,-0.1,0.735714942821001,0.670051940332239,0.937243130128565,14.373885876874
320,1,0.8,1.2,1.2,1,0,0.702744035232185,0.625517679640115,0.94775372553894,14.4154836381017
321,1,0.8,1.2,1.2,1,0.1,0.665272861986568,0.582677234954773,0.955939750171281,14.4487598574299
322,1,0.8,1.2,1.2,1.2,-0.1,0.744746237948541,0.655922660757552,0.964715299875551,14.4560383204082
323,1,0.8,1.2,1.2,1.2,0,0.707651056083584,0.605286457284785,0.974062447414891,14.4913566630609
324,1,0.8,1.2,1.2,1.2,0.1,0.665297164999479,0.556280067286094,0.982074342302901,14.5196030536114
325,1,1,0.8,0.8,0.8,-0.1,0.748854707705349,0.668534017764413,0.96047576825313,14.4320476711174
326,1,1,0.8,0.8,0.8,0,0.717527954588618,0.622417388639039,0.973253363344041,14.490126815243
327,1,1,0.8,0.8,0.8,0.1,0.678824635358079,0.573387475007078,0.985239746961996,14.5416671586312
328,1,1,0.8,0.8,1,-0.1,0.763808142869314,0.656178909576863,0.991922173394322,14.51871761576
329,1,1,0.8,0.8,1,0,0.727218211642308,0.60159556432178,1.00476278025597,14.5666775925134
330,1,1,0.8,0.8,1,0.1,0.6805221856388,0.546969578858225,1.01592128410263,14.6092211953843
331,1,1,0.8,0.8,1.2,-0.1,0.777098645622597,0.652776765411015,1.01494284259159,14.5769891473596
332,1,1,0.8,0.8,1.2,0,0.735620420006976,0.59423725107388,1.0264884325541,14.6178150634009
333,1,1,0.8,0.8,1.2,0.1,0.681678198618199,0.532003601494338,1.03759271038417,14.6540205548594
334,1,1,0.8,1,0.8,-0.1,0.717124453370944,0.64731343847448,0.949272730388617,14.4219393484234
335,1,1,0.8,1,0.8,0,0.685349452639092,0.601121689290596,0.962274033816605,14.4803771454477
336,1,1,0.8,1,0.8,0.1,0.646594769925951,0.552410447438357,0.973483932776441,14.5320988990295
337,1,1,0.8,1,1,-0.1,0.732972278773784,0.634805318185392,0.980584566371084,14.5105997123358
338,1,1,0.8,1,1,0,0.695973891346507,0.578782658087814,0.993668927141762,14.5588559696783
339,1,1,0.8,1,1,0.1,0.649406251179776,0.52049332394158,1.00492279840895,14.6015506744629
340,1,1,0.8,1,1.2,-0.1,0.747295059292712,0.625761939605064,1.0053457366413,14.5702067373767
341,1,1,0.8,1,1.2,0,0.705487497548676,0.564112405629262,1.01712325665333,14.6112848824816
342,1,1,0.8,1,1.2,0.1,0.651870051404168,0.500493738033549,1.02724531835402,14.6476196931668
343,1,1,0.8,1.2,0.8,-0.1,0.68984713029451,0.630767844531327,0.938121951599716,14.4118323839277
344,1,1,0.8,1.2,0.8,0,0.657945081426225,0.584684381304902,0.951343933913239,14.4706287325385
345,1,1,0.8,1.2,0.8,0.1,0.619395336100968,0.536319548497418,0.96263547617162,14.5225318453619
346,1,1,0.8,1.2,1,-0.1,0.706016508515753,0.61727012604425,0.970721185042557,14.502482681197
347,1,1,0.8,1.2,1,0,0.668884860638901,0.561586748577085,0.982624775355451,14.5510351531401
348,1,1,0.8,1.2,1,0.1,0.622649007505215,0.503861582440916,0.993972509272737,14.5938809265671
349,1,1,0.8,1.2,1.2,-0.1,0.720927300537777,0.607644671745533,0.995785831010135,14.5634249345633
350,1,1,0.8,1.2,1.2,0,0.679007727819173,0.543630988382774,1.00779294122746,14.6047552623656
351,1,1,0.8,1.2,1.2,0.1,0.625867747362458,0.479134569088601,1.01801184655482,14.6412193688611
352,1,1,1,0.8,0.8,-0.1,0.765531107919367,0.700471139925105,0.938718246699082,14.3466389455686
353,1,1,1,0.8,0.8,0,0.73730567707438,0.660100881374565,0.951398532460159,14.4051966540979
354,1,1,1,0.8,0.8,0.1,0.704895711927676,0.620150088304842,0.962178515096743,14.4557550985982
355,1,1,1,0.8,1,-0.1,0.776972927774541,0.685984607162353,0.971307186148135,14.4500401437712
356,1,1,1,0.8,1,0,0.744538201914664,0.638226492279838,0.984076856618553,14.4984409253255
357,1,1,1,0.8,1,0.1,0.704705685276169,0.591187329512591,0.994912539192477,14.5402138024872
358,1,1,1,0.8,1.2,-0.1,0.787395010542911,0.677209486778938,0.997423585579745,14.519563539683
359,1,1,1,0.8,1.2,0,0.750334603098529,0.627602767295562,1.00894027353425,14.560790226754
360,1,1,1,0.8,1.2,0.1,0.704148922165727,0.577236113156427,1.01870288453673,14.5963621409808
361,1,1,1,1,0.8,-0.1,0.735356469996456,0.679491418775819,0.927693385446269,14.3365650476157
362,1,1,1,1,0.8,0,0.706421561088098,0.638715866887251,0.940594517871393,14.3954804955884
363,1,1,1,1,0.8,0.1,0.673487888225853,0.598635926551628,0.951459887212821,14.4462206770356
364,1,1,1,1,1,-0.1,0.747720659046284,0.664988981140159,0.962086048235488,14.4419445112347
365,1,1,1,1,1,0,0.714567685820002,0.617146636205974,0.973575570423075,14.4906409677059
366,1,1,1,1,1,0.1,0.674432151052507,0.567581279305334,0.984076737980428,14.532565151897
367,1,1,1,1,1.2,-0.1,0.75919239444512,0.653608112275915,0.987942373434608,14.5127967468108
368,1,1,1,1,1.2,0,0.721537858650577,0.598054467437613,0.999688715165603,14.5542752320005
369,1,1,1,1,1.2,0.1,0.675216757125683,0.544681405755105,1.00955061757979,14.5899766063755
370,1,1,1,1.2,0.8,-0.1,0.709525086755944,0.663272120197784,0.916720078498398,14.3264925038907
371,1,1,1,1.2,0.8,0,0.680167747871378,0.622276396985869,0.92983906120901,14.3857655902278
372,1,1,1,1.2,0.8,0.1,0.64702027971002,0.582154018557915,0.940788392065002,14.4366874576882
373,1,1,1,1.2,1,-0.1,0.722156836319885,0.647744056448886,0.953090486571489,14.4338497489231
374,1,1,1,1.2,1,0,0.688577499339086,0.599856811244435,0.964789510313022,14.4828418144452
375,1,1,1,1.2,1,0.1,0.648354934114994,0.550576078023419,0.97454463512209,14.5249172724048
376,1,1,1,1.2,1.2,-0.1,0.734224097597315,0.636292089687307,0.978497982178921,14.5060305599006
377,1,1,1,1.2,1.2,0,0.696178313377027,0.580395200734342,0.990471657227989,14.5477607969154
378,1,1,1,1.2,1.2,0.1,0.649905851603836,0.523842291086665,1.00043172638056,14.5835916080286
379,1,1,1.2,0.8,0.8,-0.1,0.780673612184955,0.727692521601161,0.917446401083767,14.2617325634738
380,1,1,1.2,0.8,0.8,0,0.75451484841458,0.691454411629268,0.930040647253889,14.3207805012885
381,1,1,1.2,0.8,0.8,0.1,0.726694292634415,0.656775101646239,0.940499106806488,14.3703874997859
382,1,1,1.2,0.8,1,-0.1,0.789365383115891,0.711878640615375,0.953569603810588,14.3816856182062
383,1,1,1.2,0.8,1,0,0.760035306640347,0.669324661464261,0.964815030380104,14.4305346532421
384,1,1,1.2,0.8,1,0.1,0.725258246583595,0.628236073258856,0.974344062410238,14.4715565839066
385,1,1,1.2,0.8,1.2,-0.1,0.797451898349664,0.700063209864021,0.980193893053219,14.4623628640027
386,1,1,1.2,0.8,1.2,0,0.764031384890668,0.656862107813721,0.991687933261537,14.5039954861969
387,1,1,1.2,0.8,1.2,0.1,0.723528981553323,0.613625355558849,1.00120451824055,14.5389476951227
388,1,1,1.2,1,0.8,-0.1,0.751772156197034,0.706922254366294,0.907166373804162,14.2516929509632
389,1,1,1.2,1,0.8,0,0.724630610935697,0.670039283719413,0.919408826472864,14.3110977150561
390,1,1,1.2,1,0.8,0.1,0.695967590375608,0.634966849895469,0.929954837772872,14.360886769739
391,1,1,1.2,1,1,-0.1,0.761351524047269,0.69119052229803,0.944655626509216,14.373612184259
392,1,1,1.2,1,1,0,0.731065708069541,0.64829785951071,0.956110446479042,14.4227562887213
393,1,1,1.2,1,1,0.1,0.695690023479421,0.605950152728984,0.965525889688639,14.463929727629
394,1,1,1.2,1,1.2,-0.1,0.770487680205988,0.678445453798395,0.970872908661994,14.4556116458741
395,1,1,1.2,1,1.2,0,0.736257055651999,0.629267827304026,0.982548484648638,14.4974956353602
396,1,1,1.2,1,1.2,0.1,0.695294157128791,0.581009525991538,0.992165609665341,14.5325774430704
397,1,1,1.2,1.2,0.8,-0.1,0.726981006282202,0.690845390890115,0.898659888857863,14.2416546887238
398,1,1,1.2,1.2,0.8,0,0.699258656711688,0.653516141912554,0.910089020343187,14.3014161782487
399,1,1,1.2,1.2,0.8,0.1,0.6700818949511,0.618157211051626,0.919457040446647,14.351387238202
400,1,1,1.2,1.2,1,-0.1,0.736830119663102,0.674107179937646,0.935774940194186,14.3655396184818
401,1,1,1.2,1.2,1,0,0.705915294274433,0.63092808541806,0.947437087195725,14.4149787266269
402,1,1,1.2,1.2,1,0.1,0.670108387579395,0.588563549943098,0.956942996382974,14.4563036405275
403,1,1,1.2,1.2,1.2,-0.1,0.746581539051659,0.661355558484847,0.963334294041395,14.4488610325029
404,1,1,1.2,1.2,1.2,0,0.71173835697599,0.612125177979129,0.973819362326491,14.4909963430595
405,1,1,1.2,1.2,1.2,0.1,0.670501990789631,0.562511664177533,0.983159721869014,14.5262077261506
406,1,1.2,0.8,0.8,0.8,-0.1,0.749687328499388,0.670821449657697,0.959142452606621,14.4226971226128
407,1,1.2,0.8,0.8,0.8,0,0.71962047847945,0.625989929749243,0.972986720956214,14.4896362953521
408,1,1.2,0.8,0.8,0.8,0.1,0.68209727858773,0.577605829696135,0.986204546884713,14.5502760801891
409,1,1.2,0.8,0.8,1,-0.1,0.765208177187797,0.659505610973277,0.990511538563634,14.5107806809954
410,1,1.2,0.8,0.8,1,0,0.730183809223384,0.606225131288857,1.00452096370537,14.5663487744977
411,1,1.2,0.8,0.8,1,0.1,0.684478550350412,0.551700055076561,1.01699714719248,14.6166617132757
412,1,1.2,0.8,0.8,1.2,-0.1,0.779062556584693,0.656975801523262,1.01357500181671,14.5701076196316
413,1,1.2,0.8,0.8,1.2,0,0.739410283391078,0.599678685799391,1.02629958513121,14.617579523771
414,1,1.2,0.8,0.8,1.2,0.1,0.686282681334922,0.537442217420794,1.03875718034282,14.6605468421483
415,1,1.2,0.8,1,0.8,-0.1,0.717784196591837,0.64951928100929,0.947977590351743,14.4125997854293
416,1,1.2,0.8,1,0.8,0,0.687300657898224,0.604599554329723,0.962010560602999,14.4798868459292
417,1,1.2,0.8,1,0.8,0.1,0.649738932016873,0.556502656882593,0.974420664680935,14.5407003715356
418,1,1.2,0.8,1,1,-0.1,0.734203943085969,0.638036412972116,0.979210506997901,14.5026700380182
419,1,1.2,0.8,1,1,0,0.698777105478749,0.583493119079168,0.993429786299849,14.5585272680936
420,1,1.2,0.8,1,1,0.1,0.653213431917149,0.5253950843791,1.00597580042203,14.6089862206987
421,1,1.2,0.8,1,1.2,-0.1,0.749098459911862,0.630030841870897,1.00400552637243,14.5633303687553
422,1,1.2,0.8,1,1.2,0,0.709104926946171,0.569591740912457,1.01693608510606,14.6110494117771
423,1,1.2,0.8,1,1.2,0.1,0.656295590233732,0.505881914304251,1.02833434842886,14.654142422737
424,1,1.2,0.8,1.2,0.8,-0.1,0.690342279022821,0.632909725965295,0.936864769805212,14.4025038048181
425,1,1.2,0.8,1.2,0.8,0,0.659743184423205,0.588074603136977,0.951083618742681,14.4701386533726
426,1,1.2,0.8,1.2,0.8,0.1,0.622399619800949,0.540292646039325,0.963549117561109,14.5311258698256
427,1,1.2,0.8,1.2,1,-0.1,0.707082432356221,0.620409611423564,0.96946793256139,14.4945602664737
428,1,1.2,0.8,1.2,1,0,0.671522035406271,0.566172966964949,0.982388301053742,14.5507065679779
429,1,1.2,0.8,1.2,1,0.1,0.626290564224217,0.508702958390428,0.995002771202051,14.6013115016803
430,1,1.2,0.8,1.2,1.2,-0.1,0.722565677635743,0.611893703349622,0.994473126186299,14.5565537245461
431,1,1.2,0.8,1.2,1.2,0,0.682441168722828,0.54910994615772,1.00760744085915,14.6045198605826
432,1,1.2,0.8,1.2,1.2,0.1,0.630118614173794,0.484466443273311,1.01908318496691,14.6477385410282
433,1,1.2,1,0.8,0.8,-0.1,0.766236647468128,0.702513190583628,0.937373537076219,14.3372476795897
434,1,1.2,1,0.8,0.8,0,0.739145277540099,0.663419634536891,0.951071533740619,14.4045862162797
435,1,1.2,1,0.8,0.8,0.1,0.708139627967762,0.624269648797336,0.963045721011803,14.4641992371173
436,1,1.2,1,0.8,1,-0.1,0.778230405707247,0.689046185176597,0.969885650681662,14.4420753456422
437,1,1.2,1,0.8,1,0,0.747269220941275,0.642705996903207,0.983779551449184,14.4980313429439
438,1,1.2,1,0.8,1,0.1,0.708552144012029,0.595738749515339,0.995903423163584,14.5475437134585
439,1,1.2,1,0.8,1.2,-0.1,0.789186163879195,0.681143587978559,0.99604621125379,14.5126617836954
440,1,1.2,1,0.8,1.2,0,0.753850484740314,0.632740883605465,1.00870736831328,14.5604966562274
441,1,1.2,1,0.8,1.2,0.1,0.708538979638977,0.58216326074087,1.0197430715364,14.6028091303349
442,1,1.2,1,1,0.8,-0.1,0.735890156788905,0.681469221768353,0.926387089773008,14.3271847913029
443,1,1.2,1,1,0.8,0,0.70814807192057,0.641969261964972,0.940271429004966,14.3948703324376
444,1,1.2,1,1,0.8,0.1,0.676660359816827,0.602674522110735,0.952304913116057,14.4546574369354
445,1,1.2,1,1,1,-0.1,0.748808454869551,0.667968483537291,0.960795731248691,14.4339869863749
446,1,1.2,1,1,1,0,0.717166642311855,0.621516979248102,0.973331471509426,14.490231530526
447,1,1.2,1,1,1,0.1,0.678185938635865,0.572346747563953,0.98504564754093,14.539890128542
448,1,1.2,1,1,1.2,-0.1,0.760824599004822,0.6576164918657,0.986592759064098,14.5059001575333
449,1,1.2,1,1,1.2,0,0.724905616905563,0.603385051526197,0.999457884873563,14.5539817474646
450,1,1.2,1,1,1.2,0.1,0.679476836678299,0.549710257467998,1.01057359611864,14.5964200601679
451,1,1.2,1,1.2,0.8,-0.1,0.709878362515382,0.665185115021721,0.915451979101829,14.3171232556168
452,1,1.2,1,1.2,0.8,0,0.681763074973828,0.625462922346625,0.929519868446772,14.3851557017196
453,1,1.2,1,1.2,0.8,0.1,0.650078069105523,0.586093345381028,0.941611361274997,14.4451168399713
454,1,1.2,1,1.2,1,-0.1,0.723074942246598,0.650642285223598,0.951827489163494,14.4258994964792
455,1,1.2,1,1.2,1,0,0.691030055564808,0.604131470528144,0.964547634681326,14.4824325224566
456,1,1.2,1,1.2,1,0.1,0.651980347320206,0.5552200528128,0.975469647995473,14.5322373152535
457,1,1.2,1,1.2,1.2,-0.1,0.735690181766556,0.640201424976799,0.977176002576009,14.4991391368306
458,1,1.2,1,1.2,1.2,0,0.699386981648594,0.585756985885579,0.990242896045468,14.547467398365
459,1,1.2,1,1.2,1.2,0.1,0.654032826560278,0.529127891340897,1.00143757046631,14.5900315265734
460,1,1.2,1.2,0.8,0.8,-0.1,0.781257929262373,0.729504555247314,0.916091971729943,14.2523014561762
461,1,1.2,1.2,0.8,0.8,0,0.756337675418395,0.694682648821604,0.929655661142363,14.3200512141358
462,1,1.2,1.2,0.8,0.8,0.1,0.729905216266253,0.660675481220101,0.94127602864149,14.3786678461595
463,1,1.2,1.2,0.8,1,-0.1,0.790484746922834,0.714696888871492,0.95224281840425,14.3736934248519
464,1,1.2,1.2,0.8,1,0,0.762426340117061,0.673381973376305,0.964523762160433,14.4300448756963
465,1,1.2,1.2,0.8,1,0.1,0.729057130143001,0.632733135793505,0.975251932887723,14.4787764151205
466,1,1.2,1.2,0.8,1.2,-0.1,0.799088283819988,0.703770144145764,0.978807844360962,14.4554411585038
467,1,1.2,1.2,0.8,1.2,0,0.767291135235445,0.661645442454018,0.991412177216103,14.5036442230042
468,1,1.2,1.2,0.8,1.2,0.1,0.72779339844018,0.618236301572179,1.00217934949503,14.5453156995393
469,1,1.2,1.2,1,0.8,-0.1,0.752186733354878,0.708663486811518,0.905935804170136,14.2422728772575
470,1,1.2,1.2,1,0.8,0,0.726362803864393,0.673223096022996,0.919028471197485,14.3103687565499
471,1,1.2,1.2,1,0.8,0.1,0.699135963245854,0.63882697633935,0.930710594881602,14.3691598075844
472,1,1.2,1.2,1,1,-0.1,0.762308101513399,0.693932351486395,0.943356417700388,14.3656272768987
473,1,1.2,1.2,1,1,0,0.733357976147492,0.652278105147882,0.955821825995062,14.4222666850144
474,1,1.2,1.2,1,1,0.1,0.699424377804574,0.610600588441572,0.96639958603836,14.4711446617013
475,1,1.2,1.2,1,1.2,-0.1,0.77195996628464,0.682179228585428,0.969628128200739,14.4486951146407
476,1,1.2,1.2,1,1.2,0,0.73939228754111,0.634387968881393,0.982275194886328,14.4971444751573
477,1,1.2,1.2,1,1.2,0.1,0.699471741771387,0.58587516987397,0.993123782550008,14.5389419340106
478,1,1.2,1.2,1.2,0.8,-0.1,0.727215532376223,0.692533332879428,0.897457190586168,14.2322456469813
479,1,1.2,1.2,1.2,0.8,0,0.70087211446509,0.656648878367041,0.909778777237545,14.3006875483593
480,1,1.2,1.2,1.2,0.8,0.1,0.673191782798972,0.621952588664415,0.920191752255357,14.359652968515
481,1,1.2,1.2,1.2,1,-0.1,0.737612758011787,0.676779707874127,0.934503187036465,14.3575619962618
482,1,1.2,1.2,1.2,1,0,0.708085988298443,0.634836201901779,0.947151107181193,14.4144892967465
483,1,1.2,1.2,1.2,1,0.1,0.67375578372557,0.593126372934646,0.957800674089937,14.4635136779854
484,1,1.2,1.2,1.2,1.2,-0.1,0.747885534007365,0.665004207238049,0.962110089165017,14.4419496750321
485,1,1.2,1.2,1.2,1.2,0,0.714734394342051,0.617135327192479,0.973596287158488,14.4906452858404
486,1,1.2,1.2,1.2,1.2,0.1,0.674586368696613,0.567547880088696,0.984101308709074,14.5325687039273
487,1.2,0.8,0.8,0.8,0.8,-0.1,0.750800233440848,0.669777687917889,0.962119330296046,14.4419988103322
488,1.2,0.8,0.8,0.8,0.8,0,0.718854828342551,0.623122009218302,0.973604731284597,14.4906866349863
489,1.2,0.8,0.8,0.8,0.8,0.1,0.680138353769581,0.574741972330728,0.98410779339797,14.5326029829067
490,1.2,0.8,0.8,0.8,1,-0.1,0.765612809820006,0.657409479765629,0.993628937748781,14.5270694114873
491,1.2,0.8,0.8,0.8,1,0,0.728944918932074,0.602304183901258,1.00508465915846,14.5670568888491
492,1.2,0.8,0.8,0.8,1,0.1,0.682869876100208,0.549110088180373,1.01470043910814,14.6014729162072
493,1.2,0.8,0.8,0.8,1.2,-0.1,0.778708826586162,0.652557155629844,1.01655203369372,14.5841756537198
494,1.2,0.8,0.8,0.8,1.2,0,0.737667897730867,0.594781256790303,1.02673950394093,14.6180902841727
495,1.2,0.8,0.8,0.8,1.2,0.1,0.685094544841706,0.535479085298945,1.03629124718831,14.6472738681933
496,1.2,0.8,0.8,1,0.8,-0.1,0.71924736266084,0.648282759338048,0.950873922442036,14.4318791899799
497,1.2,0.8,0.8,1,0.8,0,0.686750082292849,0.601538994071492,0.962621741079571,14.4809367296055
498,1.2,0.8,0.8,1,0.8,0.1,0.647867702967689,0.553465578766171,0.972395972735563,14.5230423580891
499,1.2,0.8,0.8,1,1,-0.1,0.734945931038335,0.635763721345647,0.98225111960716,14.5189440802253
500,1.2,0.8,0.8,1,1,0,0.697768920490262,0.579873056443136,0.993987699224058,14.5592351407749
501,1.2,0.8,0.8,1,1,0.1,0.651708244105915,0.523019525921026,1.00372665261164,14.5938074654529
502,1.2,0.8,0.8,1,1.2,-0.1,0.749071833240643,0.626198672930795,1.00692495900388,14.5773879842469
503,1.2,0.8,0.8,1,1.2,0,0.707588471029965,0.564659392741065,1.01737238164893,14.6115600285441
504,1.2,0.8,0.8,1,1.2,0.1,0.655211057913496,0.503743869699482,1.0260360776894,14.6408766225002
505,1.2,0.8,0.8,1.2,0.8,-0.1,0.692147127199431,0.631488189067488,0.93968100717754,14.4217609294826
506,1.2,0.8,0.8,1.2,0.8,0,0.659432562250964,0.584859232848889,0.951687992887909,14.4711880811318
507,1.2,0.8,0.8,1.2,0.8,0.1,0.620657057144111,0.537146971332577,0.961572733921833,14.5134829381799
508,1.2,0.8,0.8,1.2,1,-0.1,0.708174835317929,0.617990154670002,0.972214768855421,14.5108196221145
509,1.2,0.8,0.8,1.2,1,0,0.67075891529671,0.562431409134905,0.98294045087434,14.5514141990064
510,1.2,0.8,0.8,1.2,1,0.1,0.624928001174244,0.50625859873984,0.992800935161464,14.5861427871843
511,1.2,0.8,0.8,1.2,1.2,-0.1,0.722887100260054,0.608290372582482,0.997335216797779,14.570600922452
512,1.2,0.8,0.8,1.2,1.2,0,0.68119829334907,0.544339933552947,1.00804012509695,14.6050303337233
513,1.2,0.8,0.8,1.2,1.2,0.1,0.629162405131489,0.482243851964212,1.01682148047795,14.6344799138752
514,1.2,0.8,1,0.8,0.8,-0.1,0.767174382719176,0.70113362266799,0.940386653640901,14.3566448789685
515,1.2,0.8,1,0.8,0.8,0,0.73789228315917,0.659814719320923,0.951829853537392,14.4058933771638
516,1.2,0.8,1,0.8,0.8,0.1,0.704984630363331,0.620043498445417,0.961181601825697,14.4468745210495
517,1.2,0.8,1,0.8,1,-0.1,0.778477888810514,0.686562687342975,0.973038614984534,14.4584306889897
518,1.2,0.8,1,0.8,1,0,0.745453036691373,0.638447504149301,0.984472917734399,14.4989134047497
519,1.2,0.8,1,0.8,1,0.1,0.705709225678237,0.592028417136589,0.993798672813483,14.5325895653217
520,1.2,0.8,1,0.8,1.2,-0.1,0.788699819161865,0.676732962116824,0.999053814839473,14.526779166554
521,1.2,0.8,1,0.8,1.2,0,0.751549371491569,0.62741117641798,1.00925010147775,14.561133265728
522,1.2,0.8,1,0.8,1.2,0.1,0.70616105261516,0.579164682728733,1.01755816533139,14.5897051720476
523,1.2,0.8,1,1,0.8,-0.1,0.737200479508332,0.679933146092667,0.929319104633457,14.3465596559216
524,1.2,0.8,1,1,0.8,0,0.707089390179874,0.638175406125772,0.941021322153914,14.3961769250277
525,1.2,0.8,1,1,0.8,0.1,0.673522634403827,0.598270731386396,0.950487152742213,14.4373476598247
526,1.2,0.8,1,1,1,-0.1,0.749413545311872,0.665346868174284,0.963629910686167,14.4503276137842
527,1.2,0.8,1,1,1,0,0.715579872900051,0.617133718481356,0.973895420869208,14.4911132909453
528,1.2,0.8,1,1,1,0.1,0.675382474011268,0.568603745867361,0.982986566447389,14.5249459452906
529,1.2,0.8,1,1,1.2,-0.1,0.760675062005532,0.653797840179528,0.989542453545717,14.5200071052203
530,1.2,0.8,1,1,1.2,0,0.722817036246901,0.598163539472686,0.999996133161107,14.5546181777693
531,1.2,0.8,1,1,1.2,0.1,0.67718182988838,0.546548902176851,1.00842422049601,14.5833232298087
532,1.2,0.8,1,1.2,0.8,-0.1,0.711569083561777,0.663498244691967,0.918303343934405,14.3364757887608
533,1.2,0.8,1,1.2,0.8,0,0.680927217140713,0.621521344806598,0.9302613640006,14.3864617260667
534,1.2,0.8,1,1.2,0.8,0.1,0.647070432731131,0.581580136454416,0.939839705603122,14.4278219997965
535,1.2,0.8,1,1.2,1,-0.1,0.724052878862984,0.647909398942849,0.954604525047626,14.4422254096699
536,1.2,0.8,1,1.2,1,0,0.689672596905097,0.59963025132204,0.965106801473134,14.4833139815108
537,1.2,0.8,1,1.2,1,0.1,0.649301754553323,0.551391479211119,0.973510943182443,14.5173030958209
538,1.2,0.8,1,1.2,1.2,-0.1,0.735908664785582,0.63628436457637,0.980068045536436,14.5132356503576
539,1.2,0.8,1,1.2,1.2,0,0.697563111331215,0.580699898304442,0.99077667179933,14.5481036494843
540,1.2,0.8,1,1.2,1.2,0.1,0.651841656888351,0.526138335689348,0.999323574170871,14.5769418235109
541,1.2,0.8,1.2,0.8,0.8,-0.1,0.782139683764182,0.72797941883768,0.919137433675167,14.2717922844129
542,1.2,0.8,1.2,0.8,0.8,0,0.754664181190892,0.690544149938351,0.930548951510795,14.3216129251326
543,1.2,0.8,1.2,0.8,0.8,0.1,0.725919633110812,0.655588212885046,0.939615517253131,14.3616893948079
544,1.2,0.8,1.2,0.8,1,-0.1,0.790659498721792,0.712029993214869,0.95516292582859,14.3901143665782
545,1.2,0.8,1.2,0.8,1,0,0.760385300564205,0.668771137730035,0.965196515550193,14.431099667108
546,1.2,0.8,1.2,0.8,1,0.1,0.725301809681,0.628151415026745,0.973334690002074,14.4640557811538
547,1.2,0.8,1.2,0.8,1.2,-0.1,0.798588971977982,0.699436303064897,0.981843991558468,14.4696072804282
548,1.2,0.8,1.2,0.8,1.2,0,0.764690136364826,0.656145225576832,0.99205498098547,14.5044059524499
549,1.2,0.8,1.2,0.8,1.2,0.1,0.724501111649832,0.614511450791184,1.00014168042771,14.5323800773415
550,1.2,0.8,1.2,1,0.8,-0.1,0.753464155622409,0.707023395472141,0.908669283869518,14.2617413196248
551,1.2,0.8,1.2,1,0.8,0,0.72484036138435,0.668893169588631,0.919911780360077,14.311929787571
552,1.2,0.8,1.2,1,0.8,0.1,0.695148083118809,0.633531795278751,0.929094278443656,14.3521961510171
553,1.2,0.8,1.2,1,1,-0.1,0.762864869114567,0.691160702116647,0.946218812647391,14.3820334752388
554,1.2,0.8,1.2,1,1,0,0.731502737613928,0.647535301212777,0.956488883868173,14.423321115601
555,1.2,0.8,1.2,1,1,0.1,0.69568586473879,0.60582835375777,0.96455881043659,14.4564339159831
556,1.2,0.8,1.2,1,1.2,-0.1,0.771823373043869,0.67820699609174,0.972446840445099,14.4628507849208
557,1.2,0.8,1.2,1,1.2,0,0.736995891320241,0.628980266154206,0.982912667776339,14.4979059899839
558,1.2,0.8,1.2,1,1.2,0.1,0.696221178554828,0.581913628615297,0.991120472494288,14.5260133941
559,1.2,0.8,1.2,1.2,0.8,-0.1,0.728888636937051,0.690778747714416,0.90013209542192,14.2516917067674
560,1.2,0.8,1.2,1.2,0.8,0,0.699580652799724,0.65216341013414,0.910491427385723,14.3022478994656
561,1.2,0.8,1.2,1.2,0.8,0.1,0.669215125652606,0.616515208676373,0.918619384793357,14.3427041047249
562,1.2,0.8,1.2,1.2,1,-0.1,0.738560696089841,0.673917492572714,0.937308118932985,14.3739534529364
563,1.2,0.8,1.2,1.2,1,0,0.706444707556401,0.629978559770244,0.947812484885055,14.4155433665338
564,1.2,0.8,1.2,1.2,1,0.1,0.67009532615602,0.588242703685009,0.955993056638017,14.4488128194548
565,1.2,0.8,1.2,1.2,1.2,-0.1,0.748128881575883,0.660960429604048,0.964770524825893,14.4560948946801
566,1.2,0.8,1.2,1.2,1.2,0,0.712587209942339,0.61166670068219,0.974112138677458,14.4914065860605
567,1.2,0.8,1.2,1.2,1.2,0.1,0.671402848139931,0.563572478847799,0.982132209926639,14.5196472456753
568,1.2,1,0.8,0.8,0.8,-0.1,0.752031193524109,0.673235171859016,0.96053442216319,14.4321091971799
569,1.2,1,0.8,0.8,0.8,0,0.721650475355991,0.628107493593844,0.973303348694208,14.4901768448532
570,1.2,1,0.8,0.8,0.8,0.1,0.684565675290766,0.580414426270995,0.985293922625701,14.5417065288277
571,1.2,1,0.8,0.8,1,-0.1,0.767645396111447,0.662384286991325,0.991983978545057,14.518767185715
572,1.2,1,0.8,0.8,1,0,0.732936221963682,0.608770515154469,1.00481507988192,14.5667177208285
573,1.2,1,0.8,0.8,1,0.1,0.688049131409823,0.555079750218421,1.01596464183515,14.6092525789335
574,1.2,1,0.8,0.8,1.2,-0.1,0.781520444288615,0.658661394631426,1.01499535020195,14.5770306528807
575,1.2,1,0.8,0.8,1.2,0,0.742724923558555,0.602194747959219,1.02653247111996,14.6178485613212
576,1.2,1,0.8,0.8,1.2,0.1,0.69093864032612,0.542231317006242,1.03763855654832,14.6540466416141
577,1.2,1,0.8,1,0.8,-0.1,0.720223829318377,0.651625070908429,0.949331096304127,14.4220008610179
578,1.2,1,0.8,1,0.8,0,0.68934094690432,0.606389388138343,0.962323787810678,14.4804271646967
579,1.2,1,0.8,1,0.8,0.1,0.652117205440129,0.558967379996849,0.973525563396367,14.5321382614152
580,1.2,1,0.8,1,1,-0.1,0.736722033605009,0.640588477636847,0.980646075678385,14.5106492734952
581,1.2,1,0.8,1,1,0,0.70152498401265,0.586404512576909,0.993720990419724,14.5588960912439
582,1.2,1,0.8,1,1,0.1,0.656673404998386,0.529349997418325,1.00496596956103,14.6015820529427
583,1.2,1,0.8,1,1.2,-0.1,0.751636966603241,0.632531056345011,1.00539803267414,14.5702482366781
584,1.2,1,0.8,1,1.2,0,0.712395341549945,0.572145812955433,1.01716712741695,14.6113183756362
585,1.2,1,0.8,1,1.2,0.1,0.660826874196861,0.510443232817227,1.02728128328303,14.6476457763505
586,1.2,1,0.8,1.2,0.8,-0.1,0.692860268246342,0.634733252738221,0.938180030310421,14.4118938830554
587,1.2,1,0.8,1.2,0.8,0,0.661801327573146,0.589586398447057,0.951393457153917,14.470678741427
588,1.2,1,0.8,1.2,0.8,0.1,0.624711009743073,0.542477362368587,0.962676923335429,14.5225711999373
589,1.2,1,0.8,1.2,1,-0.1,0.709696707863596,0.622679529431171,0.970768942112767,14.5025322335614
590,1.2,1,0.8,1.2,1,0,0.674273725673618,0.568783741751266,0.982676602895878,14.5510752679565
591,1.2,1,0.8,1.2,1,0.1,0.629680279257405,0.512376009204102,0.99401549430863,14.5939122999777
592,1.2,1,0.8,1.2,1.2,-0.1,0.725199026082646,0.614448541498904,0.995837915945703,14.5634664276453
593,1.2,1,0.8,1.2,1.2,0,0.685741604203704,0.55188405313804,1.00783664455135,14.6047887507549
594,1.2,1,0.8,1.2,1.2,0.1,0.634535606987032,0.48889565246103,1.01804768048715,14.6412454484741
595,1.2,1,1,0.8,0.8,-0.1,0.768206556253625,0.704242814978234,0.938788245709708,14.3467127476647
596,1.2,1,1,0.8,0.8,0,0.74043259189334,0.664494810912642,0.951460040199911,14.4052589306226
597,1.2,1,1,0.8,0.8,0.1,0.709382022728563,0.625525170333732,0.962232172744834,14.4558069024487
598,1.2,1,1,0.8,1,-0.1,0.78027621582049,0.691131379217083,0.971381007038586,14.4500996164573
599,1.2,1,1,0.8,1,0,0.749078622972323,0.644573738193574,0.984141331221314,14.4984909185223
600,1.2,1,1,0.8,1,0.1,0.71075004692251,0.59787200349655,0.994968391642087,14.5402551917154
601,1.2,1,1,0.8,1.2,-0.1,0.791229618992066,0.68249424463941,0.997486368910715,14.5196133432587
602,1.2,1,1,0.8,1.2,0,0.756176197625682,0.634308314881564,1.00899468969027,14.5608319828231
603,1.2,1,1,0.8,1.2,0.1,0.711697730175928,0.585061459596949,1.01874960697445,14.5963965982608
604,1.2,1,1,1,0.8,-0.1,0.737977305871538,0.682934168578806,0.927763041164798,14.3366388335645
605,1.2,1,1,1,0.8,0,0.709461778542784,0.642759143340041,0.940655740426087,14.3955427592043
606,1.2,1,1,1,0.8,0.1,0.677817560104698,0.603626064987985,0.951513307022454,14.446272470567
607,1.2,1,1,1,1,-0.1,0.750950896116388,0.669781861264634,0.962143357120484,14.4420039733724
608,1.2,1,1,1,1,0,0.719008531969255,0.623099634966089,0.97362543590998,14.4906909524881
609,1.2,1,1,1,1,0.1,0.680281728099202,0.574702449082291,0.984132348383943,14.5326065344173
610,1.2,1,1,1,1.2,-0.1,0.762959861477797,0.659645128240922,0.988004904048263,14.512846542926
611,1.2,1,1,1,1.2,0,0.727232301195435,0.605397746597835,0.999742923714825,14.5543169821257
612,1.2,1,1,1,1.2,0.1,0.682546766627697,0.552584262096488,1.0095971690425,14.5900110589255
613,1.2,1,1,1.2,0.8,-0.1,0.712061440339281,0.666417270287675,0.916789391865663,14.3265662736935
614,1.2,1,1,1.2,0.8,0,0.683104719327651,0.626010740438333,0.92989999932236,14.385827840936
615,1.2,1,1,1.2,0.8,0.1,0.651207538857288,0.586806101860958,0.940841574635084,14.4367392409011
616,1.2,1,1,1.2,1,-0.1,0.725329294201689,0.652220094915859,0.953147567927733,14.4339092005131
617,1.2,1,1,1.2,1,0,0.69289059477029,0.605456325321149,0.964839188382374,14.4828917908132
618,1.2,1,1,1.2,1,0.1,0.654030816502338,0.557308976053643,0.974587489496809,14.5249586482177
619,1.2,1,1,1.2,1.2,-0.1,0.7379302874144,0.641988625040377,0.97856026064858,14.5060803485556
620,1.2,1,1,1.2,1.2,0,0.701743739666623,0.587877635900158,0.990525658619268,14.5478025410969
621,1.2,1,1,1.2,1.2,0.1,0.657014106421081,0.532517955162306,1.00047810722597,14.5836260558489
622,1.2,1,1.2,0.8,0.8,-0.1,0.782975940944778,0.730746505700635,0.91752737954581,14.2618185383623
623,1.2,1,1.2,0.8,0.8,0,0.757166512242966,0.695060042737844,0.930113308802274,14.3208549220345
624,1.2,1,1.2,0.8,0.8,0.1,0.730247771033165,0.660809925972102,0.940564225026097,14.3704516313255
625,1.2,1,1.2,0.8,1,-0.1,0.792225827499026,0.716203423910728,0.953636297924792,14.3817549270951
626,1.2,1,1.2,0.8,1,0,0.763495965731248,0.674308316333154,0.964874345744448,14.4305944452132
627,1.2,1,1.2,0.8,1,0.1,0.730211155080784,0.633868736049649,0.974412053891821,14.4716079106254
628,1.2,1,1.2,0.8,1.2,-0.1,0.800838789944405,0.704836402668209,0.980266710184862,14.4624209192223
629,1.2,1,1.2,0.8,1.2,0,0.768890469186286,0.662470847985172,0.991752484176214,14.5040454543297
630,1.2,1,1.2,0.8,1.2,0.1,0.729817534251437,0.620133588041686,1.00126161529896,14.5389904754043
631,1.2,1,1.2,1,0.8,-0.1,0.754034664661165,0.709694899315831,0.907227877407412,14.2517789070428
632,1.2,1,1.2,1,0.8,0,0.727203763685976,0.673342453643202,0.919481150535284,14.3111721203628
633,1.2,1,1.2,1,0.8,0.1,0.699427206351941,0.638680115079408,0.930019665795684,14.3609508884682
634,1.2,1,1.2,1,1,-0.1,0.764178550977435,0.695213286442894,0.944722056391397,14.373681480856
635,1.2,1,1.2,1,1,0,0.734454053690552,0.652951880173271,0.956169538968696,14.4228160706215
636,1.2,1,1.2,1,1,0.1,0.700512618277859,0.611739125197106,0.965578353336895,14.4639810460105
637,1.2,1,1.2,1,1.2,-0.1,0.773829928570444,0.683623175462719,0.970929403605471,14.4556696923979
638,1.2,1,1.2,1,1.2,0,0.74101665529511,0.635742684835382,0.982612788980513,14.497545596376
639,1.2,1,1.2,1,1.2,0.1,0.701419204961446,0.587845570170276,0.992222496889722,14.5326202174682
640,1.2,1,1.2,1.2,0.8,-0.1,0.729189322063419,0.693357947288054,0.898721147250515,14.2417406259959
641,1.2,1,1.2,1.2,0.8,0,0.701765716105209,0.6565476997261,0.910143783268309,14.3014905681171
642,1.2,1,1.2,1.2,0.8,0.1,0.673413814829926,0.62158341123956,0.919521579005764,14.3514513441218
643,1.2,1,1.2,1.2,1,-0.1,0.739610050179026,0.677853393304241,0.935841106424942,14.3656089027877
644,1.2,1,1.2,1.2,1,0,0.709221561699538,0.635288681037419,0.947495957277605,14.4150384984569
645,1.2,1,1.2,1.2,1,0.1,0.674800227203402,0.594021547685194,0.956995270287874,14.4563549505723
646,1.2,1,1.2,1.2,1.2,-0.1,0.749860997534948,0.666239582211438,0.963390600201734,14.4489190703312
647,1.2,1,1.2,1.2,1.2,0,0.716398997839326,0.618265283763061,0.973869137513262,14.4910462969587
648,1.2,1,1.2,1.2,1.2,0.1,0.676460409384954,0.569706016448588,0.98321639969948,14.526250494665
649,1.2,1.2,0.8,0.8,0.8,-0.1,0.752825538817926,0.675452279729745,0.959202278361587,14.4227606288416
650,1.2,1.2,0.8,0.8,0.8,0,0.723436818429002,0.631451053808208,0.973036803846113,14.4896863677893
651,1.2,1.2,0.8,0.8,0.8,0.1,0.68773350331255,0.584557836419293,0.986257453607051,14.550313514689
652,1.2,1.2,0.8,0.8,1,-0.1,0.768984960951345,0.665621076084071,0.990574684546021,14.5108319129121
653,1.2,1.2,0.8,0.8,1,0,0.735657596497894,0.613299409764483,1.00457335992577,14.5663889313547
654,1.2,1.2,0.8,0.8,1,0.1,0.691870981078845,0.559599134347962,1.01703926743778,14.6166914642786
655,1.2,1.2,0.8,0.8,1.2,-0.1,0.783399754743236,0.6626901988272,1.01362876439347,14.5701505553357
656,1.2,1.2,0.8,0.8,1.2,0,0.746236381564984,0.607490294442307,1.02634369776399,14.6176130420565
657,1.2,1.2,0.8,0.8,1.2,0.1,0.695388306549486,0.547510894430881,1.03880161441643,14.6605715196022
658,1.2,1.2,0.8,1,0.8,-0.1,0.720856405500739,0.653760921031448,0.948037121601042,14.4126632777294
659,1.2,1.2,0.8,1,0.8,0,0.690998685943737,0.609645759759269,0.962060412014614,14.4799369080033
660,1.2,1.2,0.8,1,0.8,0.1,0.655167274838369,0.562985161546947,0.974461236680155,14.5407377986585
661,1.2,1.2,0.8,1,1,-0.1,0.737896372805624,0.6437305797493,0.97927334996281,14.5027212608295
662,1.2,1.2,0.8,1,1,0,0.704096055987013,0.590968905580811,0.993481946044439,14.5585674181999
663,1.2,1.2,0.8,1,1,0.1,0.660348451715735,0.534120157180333,1.00601774117379,14.6090159669231
664,1.2,1.2,0.8,1,1.2,-0.1,0.753361565835811,0.636706273134157,1.00405907180137,14.5633732980162
665,1.2,1.2,0.8,1,1.2,0,0.715741268368064,0.577507639848611,1.01698002985048,14.6110829252964
666,1.2,1.2,0.8,1,1.2,0.1,0.665109503683869,0.515702501346515,1.02836914144399,14.6541670968293
667,1.2,1.2,0.8,1.2,0.8,-0.1,0.693320501856414,0.636805459448951,0.936924007358199,14.4025672831905
668,1.2,1.2,0.8,1.2,0.8,0,0.663316645264899,0.592760836545501,0.951133239278796,14.4701887050843
669,1.2,1.2,0.8,1.2,0.8,0.1,0.627623219995789,0.546379151930635,0.963589512591449,14.5311632895721
670,1.2,1.2,0.8,1.2,1,-0.1,0.710704496162681,0.625730602910282,0.969516776883742,14.4946114801801
671,1.2,1.2,0.8,1.2,1,0,0.676685508054647,0.573227639942856,0.982440224933085,14.5507467113341
672,1.2,1.2,0.8,1.2,1,0.1,0.633201724300597,0.516997066912984,0.995044532904268,14.6013412431264
673,1.2,1.2,0.8,1.2,1.2,-0.1,0.726754258314332,0.61851048486962,0.994526454961243,14.5565966473643
674,1.2,1.2,0.8,1.2,1.2,0,0.688914940439378,0.557313571146854,1.00765121807781,14.6045533693358
675,1.2,1.2,0.8,1.2,1.2,0.1,0.638650922427202,0.494132497517485,1.01911785241046,14.6477632117592
676,1.2,1.2,1,0.8,0.8,-0.1,0.768882350657003,0.70621589051068,0.937444687820381,14.3373234551887
677,1.2,1.2,1,0.8,0.8,0,0.742221486929829,0.667755220271824,0.95113315970996,14.4046485459435
678,1.2,1.2,1,0.8,0.8,0.1,0.71252398643407,0.629541426447219,0.963098368692361,14.4642491288362
679,1.2,1.2,1,0.8,1,-0.1,0.781475573828451,0.694108309805777,0.969960792639902,14.4421364759169
680,1.2,1.2,1,0.8,1,0,0.751542088074945,0.648833900459009,0.983844143622663,14.4980813716092
681,1.2,1.2,1,0.8,1,0.1,0.714493542187136,0.602373940921364,0.995958093365716,14.5475834858593
682,1.2,1.2,1,0.8,1.2,-0.1,0.792954538332738,0.686348102268416,0.996110234798881,14.512713014366
683,1.2,1.2,1,0.8,1.2,0,0.759454692611311,0.639291154732984,1.00876187505975,14.5605384376296
684,1.2,1.2,1,0.8,1.2,0.1,0.715964458980849,0.589756770662522,1.01978865919773,14.6028421895363
685,1.2,1.2,1,1,0.8,-0.1,0.738488981452249,0.684844621801601,0.926457890980565,14.3272605502978
686,1.2,1.2,1,1,0.8,0,0.711140826666987,0.645955820217539,0.940332769650589,14.3949326491903
687,1.2,1.2,1,1,0.8,0.1,0.680891425436087,0.607566543629506,0.952357329226021,14.4547073187654
688,1.2,1.2,1,1,1,-0.1,0.751982946936344,0.67267716028613,0.960854118162985,14.4340481057933
689,1.2,1.2,1,1,1,0,0.721349755752716,0.627257436680099,0.973381424086594,14.4902815507754
690,1.2,1.2,1,1,1,0.1,0.683932188946965,0.579384526657701,0.985100082554109,14.5399298945239
691,1.2,1.2,1,1,1.2,-0.1,0.764531763195049,0.663545016707425,0.986656524474531,14.5059513805211
692,1.2,1.2,1,1,1.2,0,0.730368259178661,0.610679976565457,0.999512183911689,14.5540235229221
693,1.2,1.2,1,1,1.2,0.1,0.686690504984001,0.557423936278767,1.01061901809663,14.5964531148475
694,1.2,1.2,1,1.2,0.8,-0.1,0.712388814405065,0.668265011130415,0.915522431732332,14.3171989980088
695,1.2,1.2,1,1.2,0.8,0,0.684653418029409,0.629141713494123,0.929580924512471,14.3852180055623
696,1.2,1.2,1,1.2,0.8,0.1,0.654168448589495,0.590653083244778,0.941663546394863,14.4451667119132
697,1.2,1.2,1,1.2,1,-0.1,0.726191191662923,0.655032701100793,0.951885643875585,14.4259606050421
698,1.2,1.2,1,1.2,1,0,0.695096482881966,0.609524167274289,0.964597399751327,14.4824825342906
699,1.2,1.2,1,1.2,1,0.1,0.65756284521855,0.561873369995048,0.975511531462434,14.532277074817
700,1.2,1.2,1,1.2,1.2,-0.1,0.739327317155871,0.645793422955134,0.977239510438241,14.4991903521361
701,1.2,1.2,1,1.2,1.2,0,0.704727701823328,0.593070690089196,0.990296987824179,14.547509167878
702,1.2,1.2,1,1.2,1.2,0.1,0.661030941889741,0.537604141629634,1.00148282710626,14.5900645767315
703,1.2,1.2,1.2,0.8,0.8,-0.1,0.783530915026585,0.732494503489622,0.916174081628845,14.2523893978661
704,1.2,1.2,1.2,0.8,0.8,0,0.758963080190185,0.698229656434868,0.929728460241791,14.3201256981779
705,1.2,1.2,1.2,0.8,0.8,0.1,0.733359107924723,0.664678174148705,0.941340189880825,14.3787300889054
706,1.2,1.2,1.2,0.8,1,-0.1,0.793288236118895,0.718941392976411,0.952310580915971,14.3737643869358
707,1.2,1.2,1.2,0.8,1,0,0.765702570546072,0.678294133923079,0.964583179650641,14.4301047099804
708,1.2,1.2,1.2,0.8,1,0.1,0.733906992116406,0.6383107217401,0.975318795481942,14.4788261406107
709,1.2,1.2,1.2,0.8,1.2,-0.1,0.80241549406846,0.708465770123841,0.978881886837216,14.4555006377177
710,1.2,1.2,1.2,0.8,1.2,0,0.771895907124737,0.667066334779357,0.991476834489903,14.5036942213892
711,1.2,1.2,1.2,0.8,1.2,0.1,0.733960355869286,0.624673322763229,1.00223535316725,14.5453570928931
712,1.2,1.2,1.2,1,0.8,-0.1,0.754422032727315,0.711371717830602,0.905998222567427,14.2423607996854
713,1.2,1.2,1.2,1,0.8,0,0.728909933883709,0.676469217913348,0.919100932661048,14.3104432251501
714,1.2,1.2,1.2,1,0.8,0.1,0.702496581953328,0.642513936731692,0.930774471963061,14.3692220379467
715,1.2,1.2,1.2,1,1,-0.1,0.765076047579827,0.697874891384507,0.943423911443864,14.3656982263849
716,1.2,1.2,1.2,1,1,0,0.736563475018514,0.656862656486126,0.955881020510491,14.4223265092262
717,1.2,1.2,1.2,1,1,0.1,0.704149819386438,0.616292202930651,0.966451113500943,14.4711943791413
718,1.2,1.2,1.2,1,1.2,-0.1,0.775249584339484,0.687256844750317,0.969685615368528,14.4487545849377
719,1.2,1.2,1.2,1,1.2,0,0.743910002312259,0.640658118120263,0.982339605462648,14.4971944664244
720,1.2,1.2,1.2,1,1.2,0.1,0.705480218256502,0.592678692917041,0.993179581537828,14.5389833216878
721,1.2,1.2,1.2,1.2,0.8,-0.1,0.729397576003285,0.69498113782783,0.89751935984769,14.2323335501488
722,1.2,1.2,1.2,1.2,0.8,0,0.703353688984435,0.659624518560807,0.909833640163647,14.3007620015187
723,1.2,1.2,1.2,1.2,0.8,0.1,0.676429894287049,0.625352341851246,0.92025534589424,14.3597151864946
724,1.2,1.2,1.2,1.2,1,-0.1,0.740335256642759,0.680445579181243,0.934570412602974,14.3576329331511
725,1.2,1.2,1.2,1.2,1,0,0.711219029371521,0.639128791569901,0.947210079188816,14.4145491108866
726,1.2,1.2,1.2,1.2,1,0.1,0.678352410471832,0.598491429884062,0.957852016273195,14.4635633873756
727,1.2,1.2,1.2,1.2,1.2,-0.1,0.75110573767278,0.669788455047926,0.962167384018668,14.4420091364127
728,1.2,1.2,1.2,1.2,1.2,0,0.719160193081707,0.623075986500829,0.973646140588277,14.4906952699899
729,1.2,1.2,1.2,1.2,1.2,0.1,0.680422290906485,0.574658033813043,0.984156903440483,14.532610085928
